logMicros,flightMicros,logDt,state,voltage,yaw,pitch,roll,aX,aY,aZ,gX,gY,gZ,altitude,temp,yPID,zPID,yServo,zServo,pyro1,pyro2,pyro1Cont,pyro2Cont,abort
33534308,0,16859,1,8.21,-0.01,-0.01,0,9.68,-0.03,0.07,0,0,0,-0.28,18.27,0,0,0,0,0,0,1,0,0
33553400,0,19092,1,8.22,-0.01,-0.01,0,9.68,-0.06,0.09,0,0,0,-0.26,18.26,0,0,0,0,0,0,1,0,0
33570095,0,16695,1,8.22,-0.01,-0.01,0,9.68,-0.04,0.07,0,0,0,-0.24,18.27,0,0,0,0,0,0,1,0,0
33587162,0,17067,1,8.21,-0.01,-0.01,0,9.68,-0.04,0.11,0,0,0,-0.23,18.28,0,0,0,0,0,0,1,0,0
33604208,0,17046,1,8.22,-0.01,-0.01,0,9.68,-0.04,0.08,0,0,0,-0.23,18.27,0,0,0,0,0,0,1,0,0
33621312,0,17104,1,8.21,-0.01,-0.01,0,9.67,-0.04,0.06,0,0,0,-0.24,18.27,0,0,0,0,0,0,1,0,0
33639240,0,17928,1,8.21,-0.01,-0.01,0,9.69,-0.05,0.07,0,0,0,-0.24,18.27,0,0,0,0,0,0,1,0,0
33656630,0,17390,1,8.22,-0.01,-0.01,0,9.66,-0.03,0.1,0,0,0,-0.26,18.27,0,0,0,0,0,0,1,0,0
33673619,0,16989,1,8.21,-0.01,-0.01,0,9.66,-0.05,0.1,0,0,0,-0.25,18.27,0,0,0,0,0,0,1,0,0
33690320,0,16701,1,8.22,-0.01,-0.01,0,9.69,-0.03,0.09,0,0,0,-0.26,18.27,0,0,0,0,0,0,1,0,0
33707477,0,17157,1,8.22,-0.01,-0.01,0,9.65,-0.03,0.05,0,0,0,-0.28,18.26,0,0,0,0,0,0,1,0,0
33725436,0,17959,1,8.21,-0.01,-0.01,0,9.7,-0.05,0.13,0,0,0,-0.26,18.28,0,0,0,0,0,0,1,0,0
33742804,0,17368,1,8.22,-0.01,-0.01,0,9.65,-0.03,0.08,0,0,0,-0.25,18.28,0,0,0,0,0,0,1,0,0
33760815,0,18011,1,8.22,-0.01,-0.01,0,9.68,-0.04,0.09,0,0,0,-0.23,18.27,0,0,0,0,0,0,1,0,0
33779451,0,18636,1,8.22,-0.01,-0.01,0,9.67,-0.06,0.09,0,0,0,-0.23,18.27,0,0,0,0,0,0,1,0,0
33796552,0,17101,1,8.22,-0.01,-0.01,0,9.68,-0.04,0.09,0,0,0,-0.21,18.26,0,0,0,0,0,0,1,0,0
33813943,0,17391,1,8.23,-0.01,-0.01,0,9.67,-0.04,0.08,0,0,0,-0.21,18.28,0,0,0,0,0,0,1,0,0
33831486,0,17543,1,8.22,-0.01,-0.01,0,9.66,-0.03,0.08,0,0,0,-0.19,18.27,0,0,0,0,0,0,1,0,0
33848319,0,16833,1,8.21,-0.01,-0.01,0,9.65,-0.05,0.08,0,0,0,-0.17,18.26,0,0,0,0,0,0,1,0,0
33865364,0,17045,1,8.21,-0.01,-0.01,0,9.69,-0.04,0.11,0,0,0,-0.18,18.28,0,0,0,0,0,0,1,0,0
33882409,0,17045,1,8.21,-0.01,-0.01,0,9.65,-0.05,0.08,0,0,0,-0.19,18.27,0,0,0,0,0,0,1,0,0
33899406,0,16997,1,8.21,-0.01,-0.01,0,9.67,-0.06,0.08,0,0,0,-0.19,18.27,0,0,0,0,0,0,1,0,0
33918104,0,18698,1,8.21,-0.01,-0.01,0,9.68,-0.04,0.08,0,0,0,-0.18,18.28,0,0,0,0,0,0,1,0,0
33935149,0,17045,1,8.2,-0.01,-0.01,0,9.69,-0.05,0.09,0,0,0,-0.17,18.27,0,0,0,0,0,0,1,0,0
33953114,0,17965,1,8.21,-0.01,-0.01,0,9.65,-0.05,0.07,0,0,0,-0.16,18.28,0,0,0,0,0,0,1,0,0
33970159,0,17045,1,8.22,-0.01,-0.01,0,9.68,-0.04,0.07,0,0,0,-0.15,18.27,0,0,0,0,0,0,1,0,0
33987559,0,17400,1,8.21,-0.01,-0.01,0,9.65,-0.05,0.08,0,0,0,-0.13,18.28,0,0,0,0,0,0,1,0,0
34004660,0,17101,1,8.21,-0.01,-0.01,0,9.69,-0.05,0.09,0,0,0,-0.14,18.27,0,0,0,0,0,0,1,0,0
34021353,0,16693,1,8.2,-0.01,-0.01,0,9.66,-0.05,0.05,0,0,0,-0.14,18.27,0,0,0,0,0,0,1,0,0
34038454,0,17101,1,8.2,-0.01,-0.01,0,9.68,-0.04,0.12,0,0,0,-0.14,18.27,0,0,0,0,0,0,1,0,0
34056305,0,17851,1,8.21,-0.01,-0.01,0,9.68,-0.05,0.09,0,0,0,-0.11,18.27,0,0,0,0,0,0,1,0,0
34073686,0,17381,1,8.21,-0.01,-0.01,0,9.68,-0.05,0.07,0,0,0,-0.13,18.27,0,0,0,0,0,0,1,0,0
34091132,0,17446,1,8.2,-0.01,-0.01,0,9.7,-0.05,0.1,0,0,0,-0.1,18.28,0,0,0,0,0,0,1,0,0
34108121,0,16989,1,8.21,-0.01,-0.01,0,9.66,-0.03,0.09,0,0,0,-0.1,18.28,0,0,0,0,0,0,1,0,0
34125245,0,17124,1,8.22,-0.01,-0.01,0,9.66,-0.05,0.08,0,0,0,-0.07,18.27,0,0,0,0,0,0,1,0,0
34142037,0,16792,1,8.21,-0.01,-0.01,0,9.68,-0.06,0.1,0,0,0,-0.06,18.27,0,0,0,0,0,0,1,0,0
34160375,0,18338,1,8.22,-0.01,-0.01,0,9.67,-0.06,0.13,0,0,0,-0.1,18.28,0,0,0,0,0,0,1,0,0
34180175,0,19800,1,8.21,-0.01,-0.01,0,9.68,-0.05,0.07,0,0,0,-0.09,18.28,0,0,0,0,0,0,1,0,0
34197276,0,17101,1,8.21,-0.01,-0.01,0,9.69,-0.04,0.1,0,0,0,-0.09,18.28,0,0,0,0,0,0,1,0,0
34215240,0,17964,1,8.21,-0.01,-0.01,0,9.68,-0.05,0.11,0,0,0,-0.1,18.27,0,0,0,0,0,0,1,0,0
34231951,0,16711,1,8.22,-0.01,-0.01,0,9.66,-0.04,0.08,0,0,0,-0.07,18.28,0,0,0,0,0,0,1,0,0
34249388,0,17437,1,8.21,-0.01,-0.01,0,9.66,-0.04,0.08,0,0,0,-0.08,18.28,0,0,0,0,0,0,1,0,0
34266090,0,16702,1,8.22,-0.01,-0.01,0,9.68,-0.05,0.12,0,0,0,-0.09,18.28,0,0,0,0,0,0,1,0,0
34284727,0,18637,1,8.21,-0.01,-0.01,0,9.68,-0.04,0.09,0,0,0,-0.08,18.29,0,0,0,0,0,0,1,0,0
34302758,0,18031,1,8.21,-0.01,-0.01,0,9.68,-0.05,0.08,0,0,0,-0.07,18.27,0,0,0,0,0,0,1,0,0
34319804,0,17046,1,8.21,-0.01,-0.01,0,9.66,-0.04,0.09,0,0,0,-0.07,18.27,0,0,0,0,0,0,1,0,0
34338008,0,18204,1,8.21,-0.01,-0.01,0,9.69,-0.06,0.1,0,0,0,-0.09,18.27,0,0,0,0,0,0,1,0,0
34355384,0,17376,1,8.22,-0.01,-0.01,0,9.7,-0.05,0.11,0,0,0,-0.1,18.28,0,0,0,0,0,0,1,0,0
34372097,0,16713,1,8.21,-0.01,-0.01,0,9.65,-0.07,0.09,0,0,0,-0.14,18.29,0,0,0,0,0,0,1,0,0
34389255,0,17158,1,8.22,-0.01,-0.01,0,9.68,-0.05,0.08,0,0,0,-0.13,18.28,0,0,0,0,0,0,1,0,0
34407163,0,17908,1,8.21,-0.01,-0.01,0,9.66,-0.06,0.08,0,0,0,-0.13,18.29,0,0,0,0,0,0,1,0,0
34424633,0,17470,1,8.22,-0.01,-0.01,0,9.65,-0.06,0.08,0,0,0,-0.11,18.28,0,0,0,0,0,0,1,0,0
34442440,0,17807,1,8.21,-0.01,-0.01,0,9.67,-0.04,0.09,0,0,0,-0.11,18.28,0,0,0,0,0,0,1,0,0
34460941,0,18501,1,8.21,-0.01,-0.01,0,9.68,-0.04,0.09,0,0,0,-0.11,18.27,0,0,0,0,0,0,1,0,0
34478043,0,17102,1,8.21,-0.01,-0.01,0,9.68,-0.05,0.09,0,0,0,-0.11,18.27,0,0,0,0,0,0,1,0,0
34495893,0,17850,1,8.22,-0.01,-0.01,0,9.67,-0.03,0.08,0,0,0,-0.1,18.28,0,0,0,0,0,0,1,0,0
34513324,0,17431,1,8.21,-0.01,-0.01,0,9.66,-0.05,0.09,0,0,0,-0.14,18.29,0,0,0,0,0,0,1,0,0
34530293,0,16969,1,8.21,-0.01,-0.01,0,9.66,-0.06,0.07,0,0,0,-0.17,18.27,0,0,0,0,0,0,1,0,0
34549826,0,19533,1,8.21,-0.01,-0.01,0,9.66,-0.03,0.08,0,0,0,-0.16,18.27,0,0,0,0,0,0,1,0,0
34566816,0,16990,1,8.21,-0.01,-0.01,0,9.68,-0.06,0.09,0,0,0,-0.17,18.29,0,0,0,0,0,0,1,0,0
34584724,0,17908,1,8.22,-0.01,-0.01,0,9.67,-0.04,0.09,0,0,0,-0.18,18.28,0,0,0,0,0,0,1,0,0
34602400,0,17676,1,8.21,-0.01,-0.01,0,9.66,-0.04,0.09,0,0,0,-0.2,18.28,0,0,0,0,0,0,1,0,0
34619918,0,17518,1,8.21,-0.01,-0.01,0,9.67,-0.05,0.09,0,0,0,-0.2,18.28,0,0,0,0,0,0,1,0,0
34638554,0,18636,1,8.21,-0.01,-0.01,0,9.65,-0.04,0.09,0,0,0,-0.22,18.29,0,0,0,0,0,0,1,0,0
34655655,0,17101,1,8.2,-0.01,-0.01,0,9.68,-0.05,0.1,0,0,0,-0.23,18.28,0,0,0,0,0,0,1,0,0
34673506,0,17851,1,8.21,-0.01,-0.01,0,9.65,-0.05,0.07,0,0,0,-0.22,18.29,0,0,0,0,0,0,1,0,0
34690203,0,16697,1,8.21,-0.01,-0.01,0,9.67,-0.05,0.08,0,0,0,-0.21,18.28,0,0,0,0,0,0,1,0,0
34708384,0,18181,1,8.21,-0.01,-0.01,0,9.68,-0.05,0.06,0,0,0,-0.19,18.28,0,0,0,0,0,0,1,0,0
34725541,0,17157,1,8.21,-0.01,-0.01,0,9.7,-0.05,0.12,0.01,0,0,-0.2,18.27,0,0,0,0,0,0,1,0,0
34744177,0,18636,1,8.22,-0.01,-0.01,0,9.68,-0.05,0.09,0,0,0,-0.22,18.29,0,0,0,0,0,0,1,0,0
34762213,0,18036,1,8.21,-0.01,-0.01,0,9.68,-0.03,0.09,0,0,0,-0.23,18.28,0,0,0,0,0,0,1,0,0
34782051,0,19838,1,8.2,-0.01,-0.01,0,9.68,-0.04,0.11,-0.01,0,0,-0.22,18.27,0,0,0,0,0,0,1,0,0
34799482,0,17431,1,8.2,-0.01,-0.01,0,9.68,-0.05,0.08,0,0,0,-0.22,18.27,0,0,0,0,0,0,1,0,0
34816550,0,17068,1,8.21,-0.01,-0.01,0,9.68,-0.03,0.09,0,0,0,-0.22,18.26,0,0,0,0,0,0,1,0,0
34833763,0,17213,1,8.21,-0.01,-0.01,0,9.65,-0.05,0.08,0,0,0,-0.21,18.28,0,0,0,0,0,0,1,0,0
34852239,0,18476,1,8.21,-0.01,-0.01,0,9.69,-0.06,0.08,0,0,0,-0.21,18.28,0,0,0,0,0,0,1,0,0
34872120,0,19881,1,8.22,-0.01,-0.01,0,9.69,-0.03,0.09,0,0,0,-0.22,18.27,0,0,0,0,0,0,1,0,0
34888815,0,16695,1,8.21,-0.01,-0.01,0,9.66,-0.04,0.09,0,0,0,-0.23,18.28,0,0,0,0,0,0,1,0,0
34905881,0,17066,1,8.2,-0.01,-0.01,0,9.68,-0.05,0.09,0,0,0,-0.23,18.28,0,0,0,0,0,0,1,0,0
34923257,0,17376,1,8.21,-0.01,-0.01,0,9.67,-0.03,0.09,0,0,0,-0.22,18.29,0,0,0,0,0,0,1,0,0
34939950,0,16693,1,8.21,-0.01,-0.01,0,9.66,-0.05,0.1,0,0,0,-0.22,18.29,0,0,0,0,0,0,1,0,0
34957878,0,17928,1,8.22,-0.01,-0.01,0,9.67,-0.06,0.09,0,0,0,-0.23,18.29,0,0,0,0,0,0,1,0,0
34975267,0,17389,1,8.22,-0.01,-0.01,0,9.68,-0.03,0.06,0,0,0,-0.22,18.28,0,0,0,0,0,0,1,0,0
34992257,0,16990,1,8.22,-0.01,-0.01,0,9.67,-0.03,0.1,0,0,0,-0.21,18.27,0,0,0,0,0,0,1,0,0
35009659,0,17402,1,8.21,-0.01,-0.01,0,9.65,-0.05,0.07,0,0,0,-0.2,18.28,0,0,0,0,0,0,1,0,0
35026703,0,17044,1,8.22,-0.01,-0.01,0,9.65,-0.03,0.09,0,0,0,-0.19,18.28,0,0,0,0,0,0,1,0,0
35044633,0,17930,1,8.22,-0.01,-0.01,0,9.69,-0.06,0.1,0,0,0,-0.2,18.29,0,0,0,0,0,0,1,0,0
35062059,0,17426,1,8.22,-0.01,-0.01,0,9.69,-0.05,0.09,0,0,0,-0.22,18.29,0,0,0,0,0,0,1,0,0
35079288,0,17229,1,8.22,-0.01,-0.01,0,9.66,-0.05,0.09,0,0,0,-0.22,18.29,0,0,0,0,0,0,1,0,0
35097924,0,18636,1,8.22,-0.01,-0.01,0,9.69,-0.03,0.08,0,0,0,-0.22,18.28,0,0,0,0,0,0,1,0,0
35115081,0,17157,1,8.21,-0.01,-0.01,0,9.68,-0.06,0.1,0,0,0,-0.23,18.29,0,0,0,0,0,0,1,0,0
35132533,0,17452,1,8.21,-0.01,-0.01,0,9.68,-0.03,0.09,0,0,0,-0.2,18.28,0,0,0,0,0,0,1,0,0
35149570,0,17037,1,8.21,-0.01,-0.01,0,9.67,-0.03,0.08,0,0,0,-0.18,18.28,0,0,0,0,0,0,1,0,0
35167422,0,17852,1,8.21,-0.01,-0.01,0,9.67,-0.05,0.07,0,0,0,-0.17,18.26,0,0,0,0,0,0,1,0,0
35184524,0,17102,1,8.2,-0.01,-0.01,0,9.66,-0.06,0.08,0,0,0,-0.17,18.28,0,0,0,0,0,0,1,0,0
35201944,0,17420,1,8.21,-0.01,-0.01,0,9.66,-0.03,0.08,0,0,0,-0.17,18.29,0,0,0,0,0,0,1,0,0
35219096,0,17152,1,8.21,-0.01,-0.01,0,9.69,-0.05,0.1,0,0,0,-0.17,18.29,0,0,0,0,0,0,1,0,0
35236746,0,17650,1,8.22,-0.01,-0.01,0,9.67,-0.04,0.1,0,0,0,-0.18,18.27,0,0,0,0,0,0,1,0,0
35253791,0,17045,1,8.21,-0.01,-0.01,0,9.68,-0.03,0.06,0,0,0,-0.2,18.27,0,0,0,0,0,0,1,0,0
35271755,0,17964,1,8.21,-0.01,-0.01,0,9.67,-0.03,0.09,0,0,0,-0.22,18.28,0,0,0,0,0,0,1,0,0
35288800,0,17045,1,8.21,-0.01,-0.01,0,9.67,-0.04,0.11,0,0,0,-0.22,18.28,0,0,0,0,0,0,1,0,0
35305608,0,16808,1,8.21,-0.01,-0.01,0,9.68,-0.03,0.11,0,0,0,-0.22,18.28,0,0,0,0,0,0,1,0,0
35322974,0,17366,1,8.22,-0.01,-0.01,0,9.64,-0.05,0.06,0,0,0,-0.22,18.28,0,0,0,0,0,0,1,0,0
35340450,0,17476,1,8.21,-0.01,-0.01,0,9.68,-0.05,0.09,0,0,0,-0.21,18.3,0,0,0,0,0,0,1,0,0
35357496,0,17046,1,8.21,-0.01,-0.01,0,9.68,-0.03,0.08,0,0,0,-0.21,18.3,0,0,0,0,0,0,1,0,0
35374562,0,17066,1,8.22,-0.01,-0.01,0,9.66,-0.04,0.1,0,0,0,-0.2,18.28,0,0,0,0,0,0,1,0,0
35391420,0,16858,1,8.19,-0.01,-0.01,0,9.7,-0.03,0.07,0,0,0,-0.19,18.28,0,0,0,0,0,0,1,0,0
35409595,0,18175,1,8.19,-0.01,-0.01,0,9.67,-0.06,0.08,0,0,0,-0.21,18.28,0,0,0,0,0,0,1,0,0
35429127,0,19532,1,8.2,-0.01,-0.01,0,9.69,-0.05,0.11,0,0,0,-0.23,18.28,0,0,0,0,0,0,1,0,0
35446172,0,17045,1,8.22,-0.01,-0.01,0,9.66,-0.04,0.09,0,0,0,-0.23,18.28,0,0,0,0,0,0,1,0,0
35464500,0,18328,1,8.21,-0.01,-0.01,0,9.68,-0.05,0.11,0,0,0,-0.25,18.28,0,0,0,0,0,0,1,0,0
35482408,0,17908,1,8.21,-0.01,-0.01,0,9.69,-0.05,0.08,0,0,0,-0.23,18.27,0,0,0,0,0,0,1,0,0
35499423,0,17015,1,8.21,-0.01,-0.01,0,9.7,-0.06,0.09,0,0,0,-0.23,18.27,0,0,0,0,0,0,1,0,0
35518899,0,19476,1,8.22,-0.01,-0.01,0,9.68,-0.05,0.06,0,0,0,-0.26,18.29,0,0,0,0,0,0,1,0,0
35535697,0,16798,1,8.21,-0.01,-0.01,0,9.67,-0.04,0.07,0,0,0,-0.24,18.27,0,0,0,0,0,0,1,0,0
35552820,0,17123,1,8.21,-0.01,-0.01,0,9.68,-0.04,0.08,0,0,0,-0.27,18.3,0,0,0,0,0,0,1,0,0
35570135,0,17315,1,8.21,-0.01,-0.01,0,9.66,-0.04,0.09,0,0,0,-0.28,18.3,0,0,0,0,0,0,1,0,0
35587476,0,17341,1,8.21,-0.01,-0.01,0,9.68,-0.06,0.06,0,0,0,-0.27,18.28,0,0,0,0,0,0,1,0,0
35604577,0,17101,1,8.21,-0.01,-0.01,0,9.67,-0.04,0.09,0,0,0,-0.28,18.27,0,0,0,0,0,0,1,0,0
35621766,0,17189,1,8.21,-0.01,-0.01,0,9.69,-0.05,0.08,0,0,0,-0.26,18.29,0,0,0,0,0,0,1,0,0
35641242,0,19476,1,8.21,-0.01,-0.01,0,9.68,-0.05,0.07,0,0,0,-0.27,18.3,0,0,0,0,0,0,1,0,0
35658636,0,17394,1,8.21,-0.01,-0.01,0,9.68,-0.05,0.12,0,0,0,-0.27,18.3,0,0,0,0,0,0,1,0,0
35676033,0,17397,1,8.22,-0.01,-0.01,0,9.66,-0.05,0.07,0,0,0,-0.26,18.28,0,0,0,0,0,0,1,0,0
35692914,0,16881,1,8.2,-0.01,-0.01,0,9.66,-0.04,0.1,0,0,0,-0.25,18.28,0,0,0,0,0,0,1,0,0
35710766,0,17852,1,8.21,-0.01,-0.01,0,9.68,-0.04,0.1,0,0,0,-0.26,18.29,0,0,0,0,0,0,1,0,0
35727923,0,17157,1,8.21,-0.01,-0.01,0,9.66,-0.05,0.07,0,0,0,-0.28,18.3,0,0,0,0,0,0,1,0,0
35745549,0,17626,1,8.2,-0.01,-0.01,0,9.67,-0.06,0.11,0,0,0,-0.3,18.3,0,0,0,0,0,0,1,0,0
35762983,0,17434,1,8.23,-0.01,-0.01,0,9.7,-0.06,0.08,0,0,0,-0.3,18.28,0,0,0,0,0,0,1,0,0
35780164,0,17181,1,8.21,-0.01,-0.01,0,9.68,-0.06,0.11,0,0,0.01,-0.34,18.29,0,0,0,0,0,0,1,0,0
35797209,0,17045,1,8.21,-0.01,-0.01,0,9.69,-0.03,0.12,0,0,0,-0.34,18.29,0,0,0,0,0,0,1,0,0
35814332,0,17123,1,8.22,-0.01,-0.01,0,9.68,-0.04,0.09,0,0,0,-0.35,18.29,0,0,0,0,0,0,1,0,0
35832090,0,17758,1,8.21,-0.01,-0.01,0,9.69,-0.05,0.11,0,0,0,-0.37,18.29,0,0,0,0,0,0,1,0,0
35848862,0,16772,1,8.22,-0.01,-0.01,0,9.67,-0.06,0.11,0,0,0,-0.38,18.29,0,0,0,0,0,0,1,0,0
35865963,0,17101,1,8.22,-0.01,-0.01,0,9.67,-0.04,0.05,0,0,0,-0.4,18.28,0,0,0,0,0,0,1,0,0
35884656,0,18693,1,8.22,-0.01,-0.01,0,9.69,-0.06,0.11,0,0,0,-0.42,18.29,0,0,0,0,0,0,1,0,0
35902542,0,17886,1,8.21,-0.01,-0.01,0,9.67,-0.03,0.08,0,0,0,-0.39,18.29,0,0,0,0,0,0,1,0,0
35919254,0,16712,1,8.21,-0.01,-0.01,0,9.66,-0.05,0.09,0,0,0,-0.39,18.29,0,0,0,0,0,0,1,0,0
35938269,0,19015,1,8.2,-0.01,-0.01,0,9.7,-0.05,0.09,0,0,0,-0.39,18.28,0,0,0,0,0,0,1,0,0
35955315,0,17046,1,8.22,-0.01,-0.01,0,9.65,-0.06,0.07,0,0,0,-0.41,18.3,0,0,0,0,0,0,1,0,0
35972437,0,17122,1,8.22,-0.01,-0.01,0,9.68,-0.06,0.1,0,0,0,-0.42,18.28,0,0,0,0,0,0,1,0,0
35989483,0,17046,1,8.21,-0.01,-0.01,0,9.67,-0.04,0.07,0,0,0,-0.41,18.29,0,0,0,0,0,0,1,0,0
36007311,0,17828,1,8.22,-0.01,-0.01,0,9.67,-0.05,0.09,0,0,0,-0.39,18.27,0,0,0,0,0,0,1,0,0
36024630,0,17319,1,8.22,-0.01,-0.01,0,9.65,-0.04,0.06,0,0,0,-0.39,18.27,0,0,0,0,0,0,1,0,0
36041322,0,16692,1,8.21,-0.01,-0.01,0,9.67,-0.04,0.11,0,0,0,-0.38,18.28,0,0,0,0,0,0,1,0,0
36059208,0,17886,1,8.21,-0.01,-0.01,0,9.7,-0.04,0.09,0,0,0,-0.38,18.28,0,0,0,0,0,0,1,0,0
36075988,0,16780,1,8.21,-0.01,-0.01,0,9.66,-0.05,0.09,0,0,0,-0.38,18.28,0,0,0,0,0,0,1,0,0
36095743,0,19755,1,8.2,-0.01,-0.01,0,9.69,-0.04,0.12,0,0,0,-0.39,18.29,0,0,0,0,0,0,1,0,0
36113173,0,17430,1,8.2,-0.01,-0.01,0,9.65,-0.03,0.08,0,0,0,-0.37,18.29,0,0,0,0,0,0,1,0,0
36130185,0,17012,1,8.22,-0.01,-0.01,0,9.68,-0.05,0.1,0,0,0,-0.36,18.29,0,0,0,0,0,0,1,0,0
36147343,0,17158,1,8.2,-0.01,-0.01,0,9.66,-0.06,0.06,0,0,0,-0.37,18.28,0,0,0,0,0,0,1,0,0
36165678,0,18335,1,8.22,-0.01,-0.01,0,9.68,-0.03,0.07,0,0,0,-0.38,18.28,0,0,0,0,0,0,1,0,0
36182372,0,16694,1,8.21,-0.01,-0.01,0,9.64,-0.05,0.06,0,0,0,-0.37,18.28,0,0,0,0,0,0,1,0,0
36199607,0,17235,1,8.21,-0.01,-0.01,0,9.67,-0.05,0.1,0,0,0,-0.37,18.28,0,0,0,0,0,0,1,0,0
36216708,0,17101,1,8.22,-0.01,-0.01,0,9.66,-0.02,0.08,0,0,0,-0.34,18.28,0,0,0,0,0,0,1,0,0
36234380,0,17672,1,8.22,-0.01,-0.01,0,9.68,-0.05,0.09,0,0,0,-0.33,18.28,0,0,0,0,0,0,1,0,0
36251537,0,17157,1,8.22,-0.01,-0.01,0,9.68,-0.05,0.1,0,0,0,-0.32,18.27,0,0,0,0,0,0,1,0,0
36268861,0,17324,1,8.2,-0.01,-0.01,0,9.67,-0.02,0.1,0,0,0,-0.28,18.27,0,0,0,0,0,0,1,0,0
36286229,0,17368,1,8.22,-0.01,-0.01,0,9.66,-0.05,0.07,0,0,0,-0.26,18.27,0,0,0,0,0,0,1,0,0
36304468,0,18239,1,8.21,-0.01,-0.01,0,9.66,-0.05,0.08,0,0,0,-0.25,18.28,0,0,0,0,0,0,1,0,0
36322354,0,17886,1,8.21,-0.01,-0.01,0,9.69,-0.05,0.1,0,0,0,-0.22,18.28,0,0,0,0,0,0,1,0,0
36339046,0,16692,1,8.21,-0.01,-0.01,0,9.67,-0.05,0.06,0,0,0,-0.22,18.28,0,0,0,0,0,0,1,0,0
36357839,0,18793,1,8.22,-0.01,-0.01,0,9.67,-0.06,0.09,0,0,0,-0.2,18.28,0,0,0,0,0,0,1,0,0
36374535,0,16696,1,8.21,-0.01,-0.01,0,9.68,-0.05,0.1,0,0,0,-0.18,18.28,0,0,0,0,0,0,1,0,0
36391994,0,17459,1,8.2,-0.01,-0.01,0,9.65,-0.05,0.09,0,0,0,-0.16,18.28,0,0,0,0,0,0,1,0,0
36409095,0,17101,1,8.21,-0.01,-0.01,0,9.68,-0.05,0.09,0.01,0,0,-0.18,18.28,0,0,0,0,0,0,1,0,0
36427002,0,17907,1,8.21,-0.01,-0.01,0,9.69,-0.05,0.04,0,0,0,-0.15,18.27,0,0,0,0,0,0,1,0,0
36444184,0,17182,1,8.21,-0.01,-0.01,0,9.67,-0.05,0.12,0,0,0,-0.12,18.27,0,0,0,0,0,0,1,0,0
36461409,0,17225,1,8.2,-0.01,-0.01,0,9.67,-0.05,0.08,0,0,0,-0.13,18.28,0,0,0,0,0,0,1,0,0
36478511,0,17102,1,8.2,-0.01,-0.01,0,9.66,-0.05,0.09,0,0,0,-0.13,18.28,0,0,0,0,0,0,1,0,0
36496363,0,17852,1,8.21,-0.01,-0.01,0,9.66,-0.05,0.1,0,0,0,-0.14,18.28,0,0,0,0,0,0,1,0,0
36513464,0,17101,1,8.21,-0.01,-0.01,0,9.65,-0.05,0.04,0,0,0,-0.12,18.26,0,0,0,0,0,0,1,0,0
36530524,0,17060,1,8.22,-0.01,-0.01,0,9.69,-0.05,0.1,0,0,0,-0.12,18.27,0,0,0,0,0,0,1,0,0
36547388,0,16864,1,8.21,-0.01,-0.01,0,9.65,-0.05,0.09,0,0,0,-0.15,18.29,0,0,0,0,0,0,1,0,0
36565296,0,17908,1,8.2,-0.01,-0.01,0,9.67,-0.04,0.09,0,0,0,-0.15,18.29,0,0,0,0,0,0,1,0,0
36582398,0,17102,1,8.21,-0.01,-0.01,0,9.64,-0.04,0.09,0,0,0,-0.16,18.28,0,0,0,0,0,0,1,0,0
36599931,0,17533,1,8.21,-0.01,-0.01,0,9.67,-0.05,0.04,0,0,0,-0.16,18.28,0,0,0,0,0,0,1,0,0
36617262,0,17331,1,8.21,-0.01,-0.01,0,9.67,-0.05,0.11,0,0,0,-0.19,18.29,0,0,0,0,0,0,1,0,0
36635445,0,18183,1,8.22,-0.01,-0.01,0,9.67,-0.04,0.08,0,0,0,-0.17,18.28,0,0,0,0,0,0,1,0,0
36654194,0,18749,1,8.22,-0.01,-0.01,0,9.69,-0.06,0.11,0,0,-0.01,-0.16,18.29,0,0,0,0,0,0,1,0,0
36671239,0,17045,1,8.22,-0.01,-0.01,0,9.67,-0.04,0.09,0,0,0,-0.17,18.28,0,0,0,0,0,0,1,0,0
36688713,0,17474,1,8.22,-0.01,-0.01,0,9.67,-0.06,0.08,0,0,0,-0.19,18.27,0,0,0,0,0,0,1,0,0
36705995,0,17282,1,8.21,-0.01,-0.01,0,9.68,-0.04,0.1,0,0,0,-0.17,18.28,0,0,0,0,0,0,1,0,0
36724169,0,18174,1,8.21,-0.01,-0.01,0,9.68,-0.04,0.07,0,0,0,-0.14,18.28,0,0,0,0,0,0,1,0,0
36744374,0,20205,1,8.22,-0.01,-0.01,0,9.65,-0.04,0.09,0,0,0,-0.17,18.28,0,0,0,0,0,0,1,0,0
36762635,0,18261,1,8.21,-0.01,-0.01,0,9.68,-0.05,0.09,0,0,0,-0.15,18.28,0,0,0,0,0,0,1,0,0
36782502,0,19867,1,8.21,-0.01,-0.01,0,9.67,-0.05,0.1,0,0,0,-0.16,18.28,0,0,0,0,0,0,1,0,0
36799567,0,17065,1,8.21,-0.01,-0.01,0,9.68,-0.04,0.09,0,0,0,-0.16,18.28,0,0,0,0,0,0,1,0,0
36816957,0,17390,1,8.21,-0.01,-0.01,0,9.66,-0.06,0.07,0,0,0,-0.16,18.28,0,0,0,0,0,0,1,0,0
36834170,0,17213,1,8.22,-0.01,-0.01,0,9.67,-0.03,0.09,0,0,0,-0.14,18.28,0,0,0,0,0,0,1,0,0
36852529,0,18359,1,8.21,-0.01,-0.01,0,9.68,-0.03,0.08,0,0,0,-0.11,18.27,0,0,0,0,0,0,1,0,0
36871109,0,18580,1,8.22,-0.01,-0.01,0,9.69,-0.08,0.03,0,0,0,-0.11,18.29,0,0,0,0,0,0,1,0,0
36888523,0,17414,1,8.21,-0.01,-0.01,0,9.66,-0.05,0.01,0,0,0,-0.07,18.26,0,0,0,0,0,0,1,0,0
36905919,0,17396,1,8.21,-0.01,-0.01,0,9.66,-0.05,0.13,0,0,0,-0.09,18.29,0,0,0,0,0,0,1,0,0
36922732,0,16813,1,8.22,-0.01,-0.01,0,9.69,-0.07,0.13,-0.01,0,0,-0.11,18.28,0,0,0,0,0,0,1,0,0
36940153,0,17421,1,8.22,-0.01,-0.01,0,9.67,-0.03,0.09,0,0,0,-0.13,18.29,0,0,0,0,0,0,1,0,0
36957253,0,17100,1,8.22,-0.01,-0.01,0,9.69,-0.04,0.1,-0.01,0,0,-0.13,18.29,0,0,0,0,0,0,1,0,0
36975459,0,18206,1,8.21,-0.01,-0.01,0,9.68,-0.06,0.08,0,0,0,-0.14,18.28,0,0,0,0,0,0,1,0,0
36992834,0,17375,1,8.23,-0.01,-0.01,0,9.69,-0.03,0.1,0,0,0,-0.14,18.29,0,0,0,0,0,0,1,0,0
37009679,0,16845,1,8.21,-0.01,-0.01,0,9.68,-0.03,0.09,0,0,0,-0.12,18.27,0,0,0,0,0,0,1,0,0
37026723,0,17044,1,8.22,-0.01,-0.01,0,9.69,0,0.11,0,0,0,-0.13,18.28,0,0,0,0,0,0,1,0,0
37044630,0,17907,1,8.2,-0.01,-0.01,0,9.65,-0.09,0.06,0,0,0,-0.13,18.28,0,0,0,0,0,0,1,0,0
37062548,0,17918,1,8.22,-0.01,-0.01,0,9.78,0.01,0.06,0,-0.01,0,-0.11,18.27,0,0,0,0,0,0,1,0,0
37080831,0,18283,1,8.21,-0.01,-0.01,0,9.61,0,0.1,0,-0.03,0,-0.11,18.28,0,0,0,0,0,0,1,0,0
37098738,0,17907,1,8.21,-0.01,-0.01,0,9.52,-0.02,0.13,0,-0.01,0,-0.11,18.28,0,0,0,0,0,0,1,0,0
37115783,0,17045,1,8.22,-0.01,-0.01,0,9.62,0.11,-0.02,0.04,0.06,0.01,-0.11,18.27,0,0,0,0,0,0,1,0,0
37132962,0,17179,1,8.22,-0.01,-0.01,0,10.45,-0.02,0.08,-0.05,0.06,0.01,-0.12,18.29,0,0,0,0,0,0,1,0,0
37150107,0,17145,1,8.21,-0.01,0,0,13.52,-0.27,-0.15,-0.05,0.06,0.01,-0.12,18.28,0,0,0,0,0,0,1,0,0
37167691,0,17584,1,8.2,-0.01,0,0,17.31,0.37,0.47,-0.05,0.06,0.01,-0.13,18.28,0,0,0,0,0,0,1,0,0
37187168,0,19477,1,8.2,-0.01,0,0,22.47,0.53,-0.36,-0.15,0.01,-0.01,-0.14,18.28,0,0,0,0,0,0,1,0,0
37204215,13889,17047,2,8.22,-0.01,0,0,26.37,0.47,0.57,-0.13,-0.08,-0.02,-0.11,18.29,2.67,11.69,0,0,0,0,1,0,0
37223640,33314,19425,2,8.22,-0.01,0,-0.01,31.12,0.41,0.49,-0.21,0.06,-0.05,-0.15,18.28,-0.28,0.54,0.73,0.37,0,0,1,0,0
37241532,51206,17892,2,8.21,-0.01,0,-0.01,36.37,0.86,0.62,-0.04,0.15,-0.08,-0.16,18.29,-0.33,0.49,-0.35,0.51,0,0,1,0,0
37258960,68634,17428,2,8.21,-0.02,0,-0.01,39.72,0.69,0.83,0,0.26,-0.11,-0.16,18.29,-1.04,0.69,-0.76,0.63,0,0,1,0,0
37276142,85816,17182,2,8.21,-0.02,0,-0.01,42.95,0.86,0.97,-0.08,-0.04,-0.16,-0.12,18.28,0.17,1.04,-1.04,0.68,0,0,1,0,0
37293193,102867,17051,2,8.21,-0.02,0,-0.01,44.94,0.59,1.13,0.03,0.15,-0.21,-0.11,18.29,0.19,1.03,0.16,1.04,0,0,1,0,0
37310687,120361,17494,2,8.21,-0.02,0.01,-0.01,43.89,1.01,1.01,0.03,0.15,-0.21,-0.08,18.29,-0.79,1.32,-0.45,1.19,0,0,1,0,0
37328107,137781,17420,2,8.21,-0.03,0.01,-0.01,40.12,0.72,0.95,0.02,0.27,-0.28,-0.08,18.29,-1.35,1.73,-0.94,1.42,0,0,1,0,0
37345505,155179,17398,2,8.2,-0.03,0.01,-0.01,31.48,0.63,0.62,0.04,0.28,-0.31,-0.08,18.28,-2.16,2.78,-1.78,2.07,0,0,1,0,0
37362555,172229,17050,2,8.21,-0.04,0.02,-0.01,21.08,0.28,0.48,0.01,0.29,-0.33,-0.03,18.28,-2.83,3.64,-2.19,2.76,0,0,1,0,0
37379744,189418,17189,2,8.21,-0.05,0.03,-0.01,19.1,0.21,0.37,-0.02,0.41,-0.35,-0.03,18.28,-5.21,5.2,-3.97,4.53,0,0,1,0,0
37396794,206468,17050,2,8.16,-0.05,0.03,-0.01,17.65,0.1,0.31,-0.01,0.34,-0.38,-0.03,18.27,-5.67,6.15,-5,5,0,0,1,0,0
37414998,224672,18204,2,8.18,-0.06,0.04,-0.01,17.13,-0.19,0.01,0.04,0.39,-0.38,0.01,18.26,-6.17,6.75,-5,5,0,0,1,0,0
37432378,242052,17380,2,8.21,-0.07,0.05,-0.01,16.24,-0.41,-0.18,0.04,0.36,-0.37,0.05,18.28,-6.17,7.17,-5,5,0,0,1,0,0
37449221,258895,16843,2,8.2,-0.07,0.05,-0.01,15.83,-0.38,-0.25,0.04,0.37,-0.33,0.12,18.27,-6.79,7.02,-5,5,0,0,1,0,0
37466271,275945,17050,2,8.21,-0.08,0.06,-0.01,15.26,-0.44,-0.42,0.02,0.26,-0.26,0.17,18.26,-7.06,7.05,-5,5,0,0,1,0,0
37484967,294641,18696,2,8.21,-0.08,0.06,-0.01,14.91,-0.45,-0.52,0,0.28,-0.24,0.2,18.26,-6.15,6.43,-5,5,0,0,1,0,0
37502375,312049,17408,2,8.2,-0.08,0.07,-0.01,14.29,-0.45,-0.47,-0.02,0.17,-0.16,0.27,18.26,-6.19,6.51,-5,5,0,0,1,0,0
37519402,329076,17027,2,8.2,-0.09,0.07,-0.01,14.03,-0.43,-0.44,-0.04,0.07,-0.11,0.27,18.26,-4.18,5.2,-5,5,0,0,1,0,0
37537959,347633,18557,2,8.2,-0.09,0.07,-0.01,13.52,-0.41,-0.42,-0.03,0.04,-0.08,0.33,18.25,-3.25,4.74,-3.57,4.85,0,0,1,0,0
37555121,364795,17162,2,8.22,-0.09,0.07,-0.01,13.21,-0.43,-0.43,-0.06,0,-0.01,0.4,18.26,-3.01,4.28,-3.06,4.25,0,0,1,0,0
37572921,382595,17800,2,8.2,-0.09,0.07,-0.01,12.84,-0.43,-0.38,-0.06,0,-0.01,0.47,18.22,-2.81,3.78,-2.96,3.8,0,0,1,0,0
37590225,399899,17304,2,8.19,-0.09,0.07,-0.01,12.9,-0.4,-0.32,-0.06,-0.1,0.09,0.55,18.24,-0.83,2.57,-2.13,3.33,0,0,1,0,0
37607204,416878,16979,2,8.19,-0.09,0.07,-0.01,12.83,-0.39,-0.25,-0.06,-0.1,0.09,0.62,18.22,-0.97,1.98,-0.97,2.17,0,0,1,0,0
37624254,433928,17050,2,8.2,-0.08,0.06,-0.02,12.69,-0.38,-0.14,-0.1,-0.17,0.16,0.67,18.24,0.29,0.61,-0.98,1.95,0,0,1,0,0
37641679,451353,17425,2,8.21,-0.08,0.06,-0.02,12.83,-0.3,-0.06,-0.13,-0.24,0.22,0.77,18.22,0.93,0.01,0.35,0.55,0,0,1,0,0
37658784,468458,17105,2,8.21,-0.08,0.06,-0.02,12.71,-0.31,0.03,-0.1,-0.2,0.24,0.77,18.22,1.38,-0.96,1.39,-0.93,0,0,1,0,0
37676487,486161,17703,2,8.21,-0.07,0.05,-0.02,12.7,-0.15,0.13,-0.12,-0.22,0.28,0.83,18.23,1.52,-1.88,1.56,-1.85,0,0,1,0,0
37693188,502862,16701,2,8.15,-0.07,0.05,-0.02,12.7,-0.08,0.28,-0.14,-0.21,0.3,0.92,18.22,1.82,-2.5,1.88,-2.45,0,0,1,0,0
37711042,520716,17854,2,8.2,-0.06,0.05,-0.03,12.51,0.1,0.34,-0.11,-0.15,0.3,1.01,18.23,1.48,-2.83,1.69,-2.65,0,0,1,0,0
37728204,537878,17162,2,8.21,-0.06,0.04,-0.03,12.72,0.32,0.62,-0.08,-0.15,0.28,1.1,18.21,0.82,-2.82,0.9,-2.8,0,0,1,0,0
37746275,555949,18071,2,8.22,-0.05,0.04,-0.03,12.53,0.36,0.64,-0.07,-0.1,0.25,1.22,18.21,0.51,-2.68,0.58,-2.67,0,0,1,0,0
37765230,574904,18955,2,8.21,-0.05,0.04,-0.03,12.43,0.44,0.68,-0.06,-0.04,0.23,1.31,18.19,-0.52,-2.27,-0.46,-2.29,0,0,1,0,0
37782608,592282,17378,2,8.21,-0.04,0.04,-0.03,12.54,0.44,0.67,-0.07,0.01,0.19,1.42,18.19,-1.52,-1.83,-1.46,-1.87,0,0,1,0,0
37800033,609707,17425,2,8.19,-0.04,0.04,-0.03,12.54,0.44,0.66,-0.04,0.01,0.16,1.5,18.21,-1.96,-1.08,-1.89,-1.35,0,0,1,0,0
37816848,626522,16815,2,8.19,-0.04,0.04,-0.03,12.54,0.48,0.64,-0.03,0.12,0.11,1.5,18.21,-3.91,-0.26,-3.9,-0.38,0,0,1,0,0
37834760,644434,17912,2,8.2,-0.04,0.04,-0.03,12.32,0.45,0.54,-0.02,0.19,0.06,1.58,18.18,-4.44,0.04,-4.44,-0.1,0,0,1,0,0
37852083,661757,17323,2,8.18,-0.04,0.05,-0.03,12.16,0.44,0.28,-0.02,0.22,0.02,1.67,18.18,-5.76,0.93,-5,0.75,0,0,1,0,0
37869429,679103,17346,2,8.19,-0.04,0.05,-0.03,12.19,0.39,0.15,-0.02,0.22,0.02,1.77,18.17,-6.29,1.34,-5,1.15,0,0,1,0,0
37886202,695876,16773,2,8.2,-0.04,0.06,-0.03,12.12,0.36,-0.07,-0.02,0.22,0.02,1.86,18.18,-6.37,1.33,-5,1.12,0,0,1,0,0
37904898,714572,18696,2,8.2,-0.04,0.06,-0.03,11.82,0.18,-0.17,0.05,0.22,-0.07,1.94,18.18,-6.61,2.86,-5,2.64,0,0,1,0,0
37922004,731678,17106,2,8.18,-0.04,0.06,-0.03,11.91,0.1,-0.29,0.02,0.12,-0.08,2.06,18.17,-6.02,3.35,-5,3.16,0,0,1,0,0
37938986,748660,16982,2,8.18,-0.04,0.07,-0.03,11.86,0.01,-0.37,0.02,0.17,-0.09,2.06,18.17,-5.83,3.54,-5,3.36,0,0,1,0,0
37957886,767560,18900,2,8.2,-0.04,0.07,-0.03,12.11,-0.04,-0.4,-0.03,0.12,-0.09,2.18,18.18,-5.11,3.6,-5,3.44,0,0,1,0,0
37974936,784610,17050,2,8.21,-0.04,0.07,-0.03,12.28,-0.11,-0.43,0,0.05,-0.08,2.34,18.18,-5.1,3.66,-5,3.5,0,0,1,0,0
37992847,802521,17911,2,8.21,-0.05,0.07,-0.03,12.57,-0.11,-0.35,0,0.03,-0.06,2.45,18.16,-3.49,3.12,-3.58,3.01,0,0,1,0,0
38009897,819571,17050,2,8.22,-0.05,0.07,-0.03,12.36,-0.15,-0.35,-0.01,-0.14,-0.03,2.58,18.16,-3.53,3.09,-3.63,2.98,0,0,1,0,0
38027514,837188,17617,2,8.2,-0.05,0.07,-0.03,12.57,-0.15,-0.32,-0.01,-0.14,-0.03,2.73,18.15,-0.44,2.49,-0.52,2.47,0,0,1,0,0
38044886,854560,17372,2,8.21,-0.05,0.07,-0.03,12.29,-0.16,-0.28,-0.04,-0.19,0,2.86,18.15,0.28,2.14,0.21,2.15,0,0,1,0,0
38063526,873200,18640,2,8.19,-0.05,0.06,-0.03,12.61,-0.14,-0.27,0,-0.19,0.01,3.01,18.14,0.79,1.69,0.73,1.72,0,0,1,0,0
38081735,891409,18209,2,8.21,-0.05,0.06,-0.03,12.7,-0.13,-0.05,-0.03,-0.24,0.04,3.13,18.16,1.76,1.18,1.72,1.24,0,0,1,0,0
38101215,910889,19480,2,8.21,-0.04,0.05,-0.03,12.9,-0.05,0.14,-0.07,-0.31,0.07,3.23,18.15,2.92,0.59,2.9,0.69,0,0,1,0,0
38117929,927603,16714,2,8.21,-0.04,0.05,-0.04,12.65,-0.11,0.41,-0.04,-0.29,0.09,3.23,18.15,3.31,0.51,3.29,0.62,0,0,1,0,0
38136220,945894,18291,2,8.21,-0.04,0.04,-0.04,12.55,-0.05,0.49,-0.05,-0.25,0.09,3.37,18.15,3.11,0.08,3.1,0.19,0,0,1,0,0
38153269,962943,17049,2,8.2,-0.04,0.04,-0.04,12.35,0.01,0.72,0,-0.23,0.1,3.52,18.15,2.46,-0.18,2.46,-0.09,0,0,1,0,0
38171292,980966,18023,2,8.21,-0.04,0.04,-0.04,12.36,0.03,0.77,-0.01,-0.14,0.11,3.64,18.15,0.79,-0.5,0.81,-0.47,0,0,1,0,0
38188009,997683,16717,2,8.21,-0.04,0.03,-0.04,11.88,0.03,0.91,0,-0.07,0.12,3.75,18.15,0.55,-0.54,0.57,-0.52,0,0,1,0,0
38206060,1015734,18051,2,8.18,-0.03,0.03,-0.04,11.79,0.1,0.89,0.01,0.02,0.12,3.88,18.14,-0.41,-0.68,-0.39,-0.7,0,0,1,0,0
38225029,1034703,18969,2,8.21,-0.03,0.03,-0.04,11.53,0.13,0.78,0,0.01,0.12,4.03,18.15,-1.87,-0.88,-1.84,-0.94,0,0,1,0,0
38242135,1051809,17106,2,8.22,-0.03,0.04,-0.04,11.7,0.16,0.69,0.02,0.19,0.11,4.18,18.14,-5.22,-0.64,-5,-0.83,0,0,1,0,0
38259146,1068820,17011,2,8.22,-0.03,0.04,-0.04,11.64,0.17,0.59,0.02,0.22,0.11,4.18,18.14,-6.02,-0.7,-5,-0.91,0,0,1,0,0
38276980,1086654,17834,2,8.19,-0.03,0.04,-0.04,11.33,0.2,0.38,0.06,0.26,0.1,4.32,18.14,-6.2,-0.76,-5,-0.97,0,0,1,0,0
38294052,1103726,17072,2,8.18,-0.02,0.05,-0.03,11.38,0.16,0.24,0.06,0.29,0.09,4.47,18.14,-7.98,-0.42,-5,-0.69,0,0,1,0,0
38311377,1121051,17325,2,8.21,-0.02,0.05,-0.03,11.21,0.15,0.06,0.06,0.29,0.09,4.61,18.12,-8.29,-0.5,-5,-0.77,0,0,1,0,0
38328825,1138499,17448,2,8.21,-0.02,0.06,-0.03,11.13,0.18,-0.23,0.06,0.28,0.08,4.76,18.12,-8.53,-0.33,-5,-0.6,0,0,1,0,0
38345930,1155604,17105,2,8.22,-0.02,0.06,-0.03,11.23,0.21,-0.32,0.03,0.31,0.07,4.93,18.12,-8.9,-0.16,-5,-0.44,0,0,1,0,0
38364626,1174300,18696,2,8.2,-0.02,0.07,-0.03,11.28,0.25,-0.34,0.05,0.19,0.05,5.05,18.13,-8.56,-0.13,-5,-0.39,0,0,1,0,0
38383682,1193356,19056,2,8.22,-0.02,0.07,-0.03,11.52,0.34,-0.32,0.02,0.13,0.03,5.2,18.13,-6.05,0.25,-5,0.07,0,0,1,0,0
38400424,1210098,16742,2,8.21,-0.02,0.07,-0.03,11.42,0.3,-0.34,0.01,0.14,0,5.36,18.15,-7.13,0.7,-5,0.48,0,0,1,0,0
38418391,1228065,17967,2,8.21,-0.02,0.08,-0.03,11.39,0.35,-0.42,-0.02,0.1,-0.02,5.36,18.15,-5.61,1.18,-5,1.01,0,0,1,0,0
38437031,1246705,18640,2,8.21,-0.02,0.08,-0.03,11.33,0.39,-0.45,-0.01,0.06,-0.03,5.5,18.11,-4.9,1.5,-4.94,1.36,0,0,1,0,0
38454193,1263867,17162,2,8.2,-0.02,0.08,-0.03,11.29,0.36,-0.48,-0.01,-0.09,-0.08,5.64,18.14,-3.52,2.04,-3.58,1.93,0,0,1,0,0
38471877,1281551,17684,2,8.22,-0.02,0.08,-0.03,11.24,0.34,-0.47,-0.02,-0.1,-0.09,5.79,18.12,-1.65,2.85,-1.73,2.79,0,0,1,0,0
38489306,1298980,17429,2,8.2,-0.02,0.07,-0.03,11.39,0.27,-0.5,-0.04,-0.18,-0.13,5.92,18.12,-0.46,3.43,-0.57,3.41,0,0,1,0,0
38506320,1315994,17014,2,8.16,-0.03,0.07,-0.03,11.48,0.29,-0.44,-0.04,-0.18,-0.13,6.07,18.12,0.27,3.76,0.15,3.76,0,0,1,0,0
38523371,1333045,17051,2,8.2,-0.03,0.07,-0.03,11.4,0.16,-0.26,-0.09,-0.24,-0.16,6.22,18.12,0.88,4.04,0.74,4.07,0,0,1,0,0
38540458,1350132,17087,2,8.21,-0.03,0.06,-0.04,11.38,0.14,-0.06,-0.11,-0.34,-0.18,6.35,18.13,3.33,4.86,3.15,4.97,0,0,1,0,0
38557530,1367204,17072,2,8.21,-0.03,0.05,-0.04,11.09,0,0.11,-0.12,-0.36,-0.19,6.35,18.13,4.16,5.12,3.96,5,0,0,1,0,0
38575820,1385494,18290,2,8.2,-0.04,0.05,-0.04,11.09,-0.06,0.35,-0.1,-0.31,-0.18,6.52,18.11,4.34,5.27,4.12,5,0,0,1,0,0
38592870,1402544,17050,2,8.17,-0.04,0.04,-0.04,10.94,-0.18,0.49,-0.12,-0.36,-0.17,6.65,18.13,4.68,5.2,4.46,5,0,0,1,0,0
38610279,1419953,17409,2,8.21,-0.04,0.04,-0.04,11.06,-0.24,0.66,-0.12,-0.36,-0.17,6.81,18.11,5.55,5.23,5,5,0,0,1,0,0
38627440,1437114,17161,2,8.2,-0.04,0.03,-0.05,11.04,-0.25,0.96,-0.11,-0.26,-0.1,6.96,18.1,4.1,4.17,3.9,4.36,0,0,1,0,0
38645665,1455339,18225,2,8.21,-0.05,0.03,-0.05,10.91,-0.21,0.95,-0.11,-0.17,-0.07,7.1,18.11,3.1,3.87,2.91,4.01,0,0,1,0,0
38664690,1474364,19025,2,8.2,-0.05,0.02,-0.05,10.87,-0.26,1.05,-0.08,-0.14,-0.06,7.26,18.12,1.57,3.5,1.39,3.57,0,0,1,0,0
38682525,1492199,17835,2,8.21,-0.05,0.02,-0.05,10.83,-0.28,1.01,-0.05,-0.02,-0.01,7.44,18.11,-1.43,2.73,-1.57,2.66,0,0,1,0,0
38699772,1509446,17247,2,8.21,-0.05,0.02,-0.05,10.91,-0.3,1.04,-0.06,0.08,0.02,7.44,18.11,-2.06,2.2,-2.17,2.09,0,0,1,0,0
38718413,1528087,18641,2,8.18,-0.05,0.02,-0.05,11.05,-0.28,0.84,-0.04,0.11,0.04,7.59,18.11,-3.46,1.62,-3.55,1.44,0,0,1,0,0
38738186,1547860,19773,2,8.18,-0.05,0.03,-0.05,10.96,-0.27,0.58,-0.01,0.2,0.11,7.73,18.13,-4.4,1.08,-4.45,0.84,0,0,1,0,0
38757998,1567672,19812,2,8.19,-0.04,0.03,-0.06,10.97,-0.25,0.45,-0.08,0.24,0.15,7.92,18.11,-6.33,-0.46,-5,-0.81,0,0,1,0,0
38774824,1584498,16826,2,8.21,-0.04,0.04,-0.06,10.84,-0.18,0.16,-0.05,0.28,0.19,8.06,18.1,-6.69,-0.71,-5,-1.09,0,0,1,0,0
38792736,1602410,17912,2,8.2,-0.04,0.04,-0.06,10.8,-0.19,0.03,-0.07,0.3,0.2,8.23,18.11,-8.19,-1.62,-5,-2.09,0,0,1,0,0
38809899,1619573,17163,2,8.2,-0.03,0.05,-0.06,10.76,-0.17,-0.04,-0.07,0.29,0.25,8.44,18.1,-8.09,-2.6,-5,-3.07,0,0,1,0,0
38826998,1636672,17099,2,8.19,-0.03,0.05,-0.06,10.67,-0.12,-0.19,-0.07,0.29,0.25,8.6,18.09,-9.04,-3.12,-5,-3.65,0,0,1,0,0
38844992,1654666,17994,2,8.22,-0.03,0.06,-0.06,10.55,0.11,-0.27,-0.13,0.22,0.29,8.78,18.1,-8.87,-3.46,-5,-4,0,0,1,0,0
38861689,1671363,16697,2,8.22,-0.02,0.06,-0.06,10.54,0.22,-0.34,-0.06,0.19,0.28,8.94,18.11,-7.35,-4.43,-5,-4.88,0,0,1,0,0
38878795,1688469,17106,2,8.22,-0.02,0.06,-0.06,10.53,0.47,-0.31,-0.08,0.06,0.27,8.94,18.11,-6.25,-4.71,-5,-5,0,0,1,0,0
38896650,1706324,17855,2,8.2,-0.01,0.06,-0.06,10.66,0.6,-0.37,-0.08,0.05,0.24,9.07,18.12,-4.61,-4.2,-4.33,-4.49,0,0,1,0,0
38913996,1723670,17346,2,8.2,-0.01,0.06,-0.06,10.61,0.63,-0.35,-0.08,0.05,0.24,9.25,18.1,-4.63,-4.31,-4.34,-4.6,0,0,1,0,0
38931334,1741008,17338,2,8.21,0,0.07,-0.07,10.62,0.65,-0.37,-0.08,0.05,0.24,9.42,18.1,-4.71,-4.53,-4.4,-4.84,0,0,1,0,0
38948384,1758058,17050,2,8.21,0,0.06,-0.07,10.51,0.65,-0.37,-0.11,-0.11,0.13,9.6,18.1,-1.21,-2.61,-1.03,-2.68,0,0,1,0,0
38965511,1775185,17127,2,8.19,0,0.06,-0.07,12.66,0.86,-0.52,-0.08,-0.17,0.05,9.77,18.11,0.3,-1,0.37,-0.98,0,0,1,0,0
38985383,1795057,19872,2,8.12,0,0.06,-0.07,23.99,1.85,-1.15,0.19,-0.25,-0.1,9.77,18.1,0.49,0.44,0.46,0.47,0,0,1,0,0
39003325,1812999,17942,2,8.18,0,0.05,-0.07,3.68,-0.06,0.41,-0.15,-0.39,-0.18,9.83,18.08,14.07,8.66,5,5,0,0,1,0,0
39020345,1830019,17020,2,8.18,-0.01,0.05,-0.07,1.64,0.24,-0.18,-0.17,-0.4,-0.19,10.01,18.08,41.8,22.8,5,5,0,0,1,0,0
39037450,1847124,17105,2,8.18,-0.01,0.04,-0.07,-0.05,-0.08,0.2,-0.15,-0.4,-0.19,10.01,18.08,90,90,5,5,0,0,1,0,0
39054131,1863805,16681,2,8.16,-0.01,0.03,-0.08,-0.07,-0.03,0.05,-0.13,-0.41,-0.18,10.19,18.08,90,90,5,5,0,0,1,0,0
39071236,1880910,17105,2,8.19,-0.01,0.02,-0.08,-0.17,-0.01,0.32,-0.1,-0.4,-0.19,10.34,18.09,90,90,5,5,0,0,1,0,0
39088677,1898351,17441,2,8.21,-0.02,0.02,-0.08,-0.13,-0.01,0.01,-0.07,-0.41,-0.18,10.5,18.09,90,90,5,5,0,0,1,0,0
39106111,1915785,17434,2,8.23,-0.02,0.01,-0.08,-0.15,-0.06,0.14,-0.06,-0.43,-0.18,10.68,18.1,90,90,5,5,0,0,1,0,0
39125355,1935029,19244,3,8.21,-0.02,0,-0.08,-0.19,-0.04,0.18,-0.07,-0.43,-0.17,10.85,18.11,90,90,0,0,0,0,1,0,0
39144775,1954449,19420,3,8.14,-0.02,-0.01,-0.08,-0.2,-0.05,0.22,-0.06,-0.44,-0.17,11.01,18.12,90,90,0,0,0,0,1,0,0
39164196,1973870,19421,3,8.18,-0.03,-0.02,-0.08,-0.13,-0.07,0.08,-0.06,-0.44,-0.17,11.19,18.12,90,90,0,0,0,0,1,0,0
39182746,1992420,18550,3,8.21,-0.03,-0.02,-0.09,-0.17,-0.17,0.28,-0.01,-0.46,-0.17,11.35,18.14,90,90,0,0,0,0,1,0,0
39199907,2009581,17161,3,8.21,-0.03,-0.03,-0.09,-0.15,-0.06,0.13,-0.04,-0.46,-0.16,11.35,18.14,90,90,0,0,0,0,1,0,0
39217759,2027433,17852,3,8.21,-0.03,-0.04,-0.09,-0.18,-0.06,0.29,-0.04,-0.46,-0.15,11.54,18.13,90,90,0,0,0,0,1,0,0
39234916,2044590,17157,3,8.21,-0.03,-0.05,-0.09,-0.16,-0.06,0.17,-0.05,-0.47,-0.14,11.7,18.16,90,90,0,0,0,0,1,0,0
39251984,2061658,17068,3,8.21,-0.04,-0.06,-0.09,-0.13,-0.06,0.23,-0.05,-0.47,-0.14,11.85,18.16,90,90,0,0,0,0,1,0,0
39269317,2078991,17333,3,8.22,-0.04,-0.07,-0.09,-0.14,-0.04,0.22,-0.05,-0.48,-0.14,11.99,18.16,90,90,0,0,0,0,1,0,0
39287668,2097342,18351,3,8.21,-0.04,-0.07,-0.09,-0.12,-0.06,0.22,-0.04,-0.48,-0.13,12.15,18.17,90,90,0,0,0,0,1,0,0
39306304,2115978,18636,3,8.22,-0.04,-0.08,-0.09,-0.1,-0.04,0.22,-0.04,-0.48,-0.13,12.29,18.17,90,90,0,0,0,0,1,0,0
39323350,2133024,17046,3,8.22,-0.04,-0.09,-0.09,-0.11,-0.04,0.22,-0.04,-0.49,-0.13,12.42,18.21,90,90,0,0,0,0,1,0,0
39340474,2150148,17124,3,8.21,-0.04,-0.1,-0.09,-0.09,-0.05,0.27,-0.03,-0.5,-0.13,12.61,18.2,90,90,0,0,0,0,1,0,0
39358289,2167963,17815,3,8.21,-0.05,-0.11,-0.09,-0.1,-0.05,0.26,-0.03,-0.51,-0.13,12.61,18.2,90,90,0,0,0,0,1,0,0
39375678,2185352,17389,3,8.21,-0.05,-0.12,-0.09,-0.11,-0.02,0.24,-0.03,-0.51,-0.13,12.77,18.22,90,90,0,0,0,0,1,0,0
39395098,2204772,19420,3,8.2,-0.05,-0.13,-0.09,-0.11,-0.03,0.25,-0.02,-0.52,-0.12,12.9,18.24,90,90,0,0,0,0,1,0,0
39414967,2224641,19869,3,8.21,-0.05,-0.14,-0.09,-0.11,-0.02,0.28,-0.03,-0.52,-0.12,13.05,18.21,90,90,0,0,0,0,1,0,0
39431957,2241631,16990,3,8.21,-0.05,-0.15,-0.09,-0.1,-0.03,0.28,-0.03,-0.52,-0.12,13.18,18.23,90,90,0,0,0,0,1,0,0
39449666,2259340,17709,3,8.21,-0.05,-0.16,-0.09,-0.11,-0.01,0.26,-0.02,-0.53,-0.12,13.34,18.23,90,90,0,0,0,0,1,0,0
39467036,2276710,17370,3,8.21,-0.05,-0.17,-0.09,-0.09,-0.01,0.27,-0.02,-0.54,-0.11,13.48,18.25,90,90,0,0,0,0,1,0,0
39485246,2294920,18210,3,8.2,-0.05,-0.18,-0.09,-0.05,0,0.28,-0.01,-0.55,-0.11,13.59,18.24,90,90,0,0,0,0,1,0,0
39502347,2312021,17101,3,8.2,-0.06,-0.19,-0.09,-0.11,0.02,0.28,-0.02,-0.55,-0.11,13.73,18.26,90,90,0,0,0,0,1,0,0
39519823,2329497,17476,3,8.2,-0.06,-0.2,-0.09,-0.05,0.02,0.25,-0.01,-0.56,-0.1,13.73,18.26,90,90,0,0,0,0,1,0,0
39538014,2347688,18191,3,8.21,-0.06,-0.21,-0.09,-0.09,-0.01,0.26,-0.01,-0.57,-0.1,13.85,18.26,90,90,0,0,0,0,1,0,0
39555064,2364738,17050,3,8.22,-0.06,-0.22,-0.09,-0.03,0,0.3,-0.01,-0.57,-0.1,13.99,18.26,90,90,0,0,0,0,1,0,0
39572972,2382646,17908,3,8.22,-0.06,-0.23,-0.09,-0.07,-0.02,0.26,-0.01,-0.58,-0.1,14.11,18.27,90,90,0,0,0,0,1,0,0
39592392,2402066,19420,3,8.22,-0.06,-0.24,-0.09,-0.05,-0.01,0.29,-0.01,-0.59,-0.1,14.25,18.27,90,90,0,0,0,0,1,0,0
39609494,2419168,17102,3,8.21,-0.06,-0.25,-0.09,-0.03,-0.03,0.28,-0.01,-0.59,-0.09,14.34,18.28,90,90,0,0,0,0,1,0,0
39627428,2437102,17934,3,8.22,-0.06,-0.26,-0.09,-0.05,0.02,0.25,-0.01,-0.6,-0.08,14.45,18.27,90,90,0,0,0,0,1,0,0
39647292,2456966,19864,3,8.22,-0.06,-0.27,-0.09,-0.05,-0.01,0.26,-0.01,-0.61,-0.09,14.57,18.28,90,90,0,0,0,0,1,0,0
39664393,2474067,17101,3,8.2,-0.06,-0.28,-0.09,-0.04,-0.03,0.24,-0.01,-0.61,-0.08,14.68,18.27,90,90,0,0,0,0,1,0,0
39681869,2491543,17476,3,8.21,-0.06,-0.29,-0.09,-0.06,-0.01,0.24,0,-0.61,-0.08,14.78,18.28,90,90,0,0,0,0,1,0,0
39698919,2508593,17050,3,8.21,-0.06,-0.3,-0.09,-0.05,0.01,0.21,0,-0.62,-0.07,14.78,18.28,90,90,0,0,0,0,1,0,0
39717157,2526831,18238,3,8.2,-0.06,-0.32,-0.09,-0.02,-0.02,0.19,0,-0.62,-0.07,14.88,18.29,90,90,0,0,0,0,1,0,0
39737011,2546685,19854,3,8.22,-0.06,-0.33,-0.09,-0.05,-0.01,0.19,0,-0.63,-0.06,14.97,18.29,90,90,0,0,0,0,1,0,0
39755648,2565322,18637,3,8.21,-0.06,-0.34,-0.09,-0.06,0.02,0.2,0,-0.63,-0.06,15.07,18.29,90,90,0,0,0,0,1,0,0
39772408,2582082,16760,3,8.22,-0.06,-0.35,-0.09,-0.04,-0.01,0.2,0,-0.63,-0.06,15.17,18.3,90,90,0,0,0,0,1,0,0
39790316,2599990,17908,3,8.22,-0.06,-0.36,-0.09,-0.04,0.01,0.16,0,-0.64,-0.05,15.27,18.3,90,90,0,0,0,0,1,0,0
39807325,2616999,17009,3,8.21,-0.06,-0.37,-0.09,-0.03,-0.02,0.14,0,-0.64,-0.05,15.38,18.3,90,90,0,0,0,0,1,0,0
39824714,2634388,17389,3,8.21,-0.06,-0.38,-0.09,-0.02,-0.01,0.13,0.01,-0.65,-0.05,15.51,18.3,90,90,0,0,0,0,1,0,0
39842237,2651911,17523,3,8.21,-0.06,-0.4,-0.09,-0.01,0,0.11,0.01,-0.65,-0.04,15.61,18.31,90,90,0,0,0,0,1,0,0
39859657,2669331,17420,3,8.21,-0.06,-0.41,-0.09,-0.03,0,0.11,0.01,-0.64,-0.04,15.61,18.31,90,90,0,0,0,0,1,0,0
39876758,2686432,17101,3,8.22,-0.06,-0.42,-0.09,-0.02,-0.01,0.08,0.01,-0.65,-0.03,15.69,18.3,90,90,0,0,0,0,1,0,0
39893938,2703612,17180,3,8.21,-0.06,-0.43,-0.09,-0.01,-0.02,0.07,0.01,-0.65,-0.03,15.77,18.3,90,90,0,0,0,0,1,0,0
39911070,2720744,17132,3,8.22,-0.06,-0.44,-0.09,-0.02,-0.03,0.06,0.01,-0.64,-0.03,15.84,18.31,90,90,0,0,0,0,1,0,0
39928922,2738596,17852,3,8.21,-0.06,-0.45,-0.09,-0.01,-0.03,0.01,0.01,-0.64,-0.03,15.9,18.33,90,90,0,0,0,0,1,0,0
39946023,2755697,17101,3,8.2,-0.06,-0.46,-0.09,-0.04,-0.03,0.01,0.02,-0.64,-0.02,15.96,18.3,90,90,0,0,0,0,1,0,0
39964659,2774333,18636,3,8.2,-0.06,-0.47,-0.09,0,-0.05,0.03,0.02,-0.64,-0.02,16.02,18.32,90,90,0,0,0,0,1,0,0
39982016,2791690,17357,3,8.21,-0.06,-0.49,-0.09,0,-0.04,0.01,0.01,-0.64,-0.01,16.11,18.33,90,90,0,0,0,0,1,0,0
39998984,2808658,16968,3,8.21,-0.06,-0.5,-0.09,0.01,-0.04,0.02,0.02,-0.64,-0.01,16.11,18.33,90,90,0,0,0,0,1,0,0
40017620,2827294,18636,3,8.22,-0.06,-0.51,-0.09,-0.02,-0.05,-0.03,0.02,-0.63,0,16.16,18.33,90,90,0,0,0,0,1,0,0
40034608,2844282,16988,3,8.21,-0.05,-0.52,-0.09,-0.02,-0.04,0,0.02,-0.63,0,16.19,18.35,90,90,0,0,0,0,1,0,0
40051998,2861672,17390,3,8.21,-0.05,-0.53,-0.09,-0.01,-0.05,-0.04,0.02,-0.63,0,16.23,18.34,90,90,0,0,0,0,1,0,0
40071851,2881525,19853,3,8.2,-0.05,-0.54,-0.09,0,-0.05,-0.01,0.03,-0.62,-0.01,16.28,18.35,90,90,0,0,0,0,1,0,0
40091674,2901348,19823,3,8.22,-0.05,-0.55,-0.09,-0.01,-0.04,-0.04,0.03,-0.62,0,16.3,18.37,90,90,0,0,0,0,1,0,0
40108736,2918410,17062,3,8.21,-0.05,-0.56,-0.09,0,-0.04,-0.04,0.03,-0.63,0,16.35,18.37,90,90,0,0,0,0,1,0,0
40126387,2936061,17651,3,8.21,-0.05,-0.58,-0.09,-0.02,-0.05,-0.03,0.03,-0.63,0,16.39,18.37,90,90,0,0,0,0,1,0,0
40143558,2953232,17171,3,8.21,-0.05,-0.59,-0.09,-0.03,-0.04,-0.04,0.04,-0.62,0,16.39,18.4,90,90,0,0,0,0,1,0,0
40160400,2970074,16842,3,8.21,-0.05,-0.6,-0.09,-0.01,-0.02,-0.04,0.04,-0.62,0,16.41,18.4,90,90,0,0,0,0,1,0,0
40177840,2987514,17440,3,8.21,-0.05,-0.61,-0.09,0.01,-0.03,-0.04,0.04,-0.62,-0.01,16.41,18.4,90,90,0,0,0,0,1,0,0
40195448,3005122,17608,3,8.21,-0.04,-0.62,-0.09,0.01,-0.01,-0.09,0.04,-0.63,0,16.43,18.4,90,90,0,0,0,0,1,0,0
40212510,3022184,17062,3,8.22,-0.04,-0.63,-0.09,0,0,-0.09,0.04,-0.63,0,16.4,18.44,90,90,0,0,0,0,1,0,0
40229537,3039211,17027,3,8.22,-0.04,-0.64,-0.09,0.01,0.01,-0.09,0.04,-0.63,0,16.41,18.44,90,90,0,0,0,0,1,0,0
40247456,3057130,17919,3,8.22,-0.04,-0.65,-0.09,-0.01,0.04,-0.16,0.05,-0.63,-0.01,16.43,18.42,90,90,0,0,0,0,1,0,0
40265989,3075663,18533,3,8.21,-0.04,-0.66,-0.09,0.02,0.02,-0.15,0.05,-0.63,-0.01,16.4,18.44,90,90,0,0,0,0,1,0,0
40284696,3094370,18707,3,8.21,-0.04,-0.67,-0.09,0.02,0.06,-0.16,0.05,-0.64,-0.01,16.39,18.46,90,90,0,0,0,0,1,0,0
40302544,3112218,17848,3,8.21,-0.04,-0.69,-0.09,0.05,0.08,-0.22,0.06,-0.64,-0.01,16.39,18.45,90,90,0,0,0,0,1,0,0
40320036,3129710,17492,3,8.21,-0.04,-0.7,-0.09,0.03,0.06,-0.26,0.07,-0.64,-0.01,16.36,18.46,90,90,0,0,0,0,1,0,0
40338587,3148261,18551,3,8.21,-0.03,-0.71,-0.09,0.03,0.07,-0.32,0.07,-0.64,-0.01,16.36,18.46,90,90,0,0,0,0,1,0,0
40355978,3165652,17391,3,8.22,-0.03,-0.72,-0.09,0.04,0.02,-0.4,0.08,-0.65,-0.01,16.36,18.46,90,90,0,0,0,0,1,0,0
40373955,3183629,17977,3,8.22,-0.03,-0.73,-0.09,0.05,0.03,-0.46,0.08,-0.65,-0.02,16.35,18.46,90,90,0,0,0,0,1,0,0
40392554,3202228,18599,3,8.21,-0.03,-0.74,-0.09,0.07,0,-0.52,0.08,-0.65,-0.02,16.32,18.48,90,90,0,0,0,0,1,0,0
40409326,3219000,16772,3,8.21,-0.03,-0.75,-0.09,0.06,-0.01,-0.6,0.08,-0.65,-0.02,16.29,18.49,90,90,0,0,0,0,1,0,0
40427465,3237139,18139,3,8.21,-0.03,-0.77,-0.09,0.07,0.03,-0.67,0.11,-0.65,-0.04,16.25,18.5,90,90,0,0,0,0,1,0,0
40444913,3254587,17448,3,8.21,-0.03,-0.78,-0.09,0.07,0.07,-0.71,0.12,-0.65,-0.05,16.23,18.5,90,90,0,0,0,0,1,0,0
40462350,3272024,17437,3,8.2,-0.03,-0.79,-0.08,0.08,0.03,-0.76,0.13,-0.65,-0.04,16.18,18.49,90,90,0,0,0,0,1,0,0
40479412,3289086,17062,3,8.2,-0.03,-0.8,-0.08,0.07,-0.03,-0.87,0.15,-0.66,-0.05,16.18,18.49,90,90,0,0,0,0,1,0,0
40496326,3306000,16914,3,8.21,-0.03,-0.81,-0.08,0.08,-0.05,-0.91,0.16,-0.66,-0.05,16.14,18.51,90,90,0,0,0,0,1,0,0
40513363,3323037,17037,3,8.21,-0.03,-0.82,-0.08,0.11,0.04,-1,0.16,-0.66,-0.05,16.05,18.53,90,90,0,0,0,0,1,0,0
40531506,3341180,18143,3,8.21,-0.03,-0.84,-0.07,0.1,0.26,-1.09,0.16,-0.66,-0.05,16.01,18.52,90,90,0,0,0,0,1,0,0
40548624,3358298,17118,3,8.21,-0.03,-0.85,-0.07,0.13,0.34,-1.12,0.21,-0.69,-0.01,15.96,18.52,90,90,0,0,0,0,1,0,0
40566419,3376093,17795,3,8.21,-0.03,-0.86,-0.07,0.09,0.39,-1.18,0.23,-0.7,0.01,15.91,18.53,90,90,0,0,0,0,1,0,0
40585073,3394747,18654,3,8.21,-0.02,-0.87,-0.07,0.11,0.4,-1.33,0.24,-0.7,0.02,15.84,18.54,90,90,0,0,0,0,1,0,0
40602040,3411714,16967,3,8.22,-0.02,-0.88,-0.06,0.14,0.34,-1.35,0.27,-0.71,0.04,15.78,18.54,90,90,0,0,0,0,1,0,0
40619854,3429528,17814,3,8.22,-0.02,-0.9,-0.06,0.17,0.31,-1.48,0.28,-0.71,0.06,15.78,18.54,90,90,0,0,0,0,1,0,0
40637201,3446875,17347,3,8.21,-0.02,-0.91,-0.06,0.13,0.23,-1.59,0.33,-0.73,0.09,15.71,18.55,90,90,0,0,0,0,1,0,0
40654393,3464067,17192,3,8.21,-0.01,-0.92,-0.05,0.16,0.05,-1.75,0.35,-0.74,0.12,15.6,18.55,90,90,0,0,0,0,1,0,0
40671401,3481075,17008,3,8.21,-0.01,-0.93,-0.05,0.16,-0.08,-1.85,0.35,-0.74,0.12,15.53,18.56,90,90,0,0,0,0,1,0,0
40689283,3498957,17882,3,8.22,0,-0.95,-0.05,0.16,0.05,-2.03,0.4,-0.76,0.17,15.43,18.56,90,90,0,0,0,0,1,0,0
40708714,3518388,19431,3,8.21,0,-0.96,-0.05,0.22,-0.03,-2.22,0.42,-0.78,0.2,15.34,18.56,90,90,0,0,0,0,1,0,0
40725777,3535451,17063,3,8.21,0.01,-0.97,-0.05,0.17,-0.54,-2.55,0.43,-0.78,0.21,15.26,18.57,90,90,0,0,0,0,1,0,0
40744485,3554159,18708,3,8.21,0.02,-0.99,-0.05,0.2,-0.61,-2.73,0.47,-0.77,0.23,15.14,18.56,90,90,0,0,0,0,1,0,0
40764819,3574493,20334,3,8.2,0.03,-1,-0.04,0.22,-0.31,-2.83,0.51,-0.76,0.23,15.03,18.58,90,90,0,0,0,0,1,0,0
40784903,3594577,20084,3,8.2,0.04,-1.02,-0.04,0.22,-0.54,-2.93,0.55,-0.74,0.23,14.88,18.57,90,90,0,0,0,0,1,0,0
40804726,3614400,19823,3,8.21,0.05,-1.03,-0.04,0.24,-0.68,-3.25,0.59,-0.72,0.23,14.75,18.58,90,90,0,0,0,0,1,0,0
40822218,3631892,17492,3,8.21,0.06,-1.05,-0.04,0.27,-0.76,-3.29,0.61,-0.71,0.23,14.63,18.58,90,90,0,0,0,0,1,0,0
40839335,3649009,17117,3,8.21,0.07,-1.06,-0.03,0.27,-0.56,-3.34,0.65,-0.68,0.22,14.63,18.58,90,90,0,0,0,0,1,0,0
40856913,3666587,17578,3,8.21,0.08,-1.07,-0.03,0.25,-1.13,-3.39,0.65,-0.68,0.22,14.49,18.59,90,90,0,0,0,0,1,0,0
40874316,3683990,17403,3,8.22,0.09,-1.08,-0.03,0.25,-1.49,-3.51,0.71,-0.65,0.19,14.31,18.59,90,90,0,0,0,0,1,0,0
40891784,3701458,17468,3,8.22,0.09,-1.09,-0.02,0.23,-1.25,-3.58,0.73,-0.63,0.18,14.18,18.58,90,90,0,0,0,0,1,0,0
40908846,3718520,17062,3,8.21,0.1,-1.1,-0.01,0.26,-1.1,-3.82,0.73,-0.63,0.17,14,18.58,90,90,0,0,0,0,1,0,0
40926487,3736161,17641,3,8.21,0.11,-1.11,-0.01,0.26,-1.89,-3.88,0.76,-0.61,0.16,13.89,18.59,90,90,0,0,0,0,1,0,0
40946036,3755710,19549,3,8.21,0.11,-1.13,0,0.25,-1.61,-3.88,0.79,-0.58,0.12,13.75,18.58,90,90,0,0,0,0,1,0,0
40962722,3772396,16686,3,8.21,0.12,-1.13,0.01,0.31,-1.67,-4.13,0.81,-0.57,0.13,13.63,18.58,90,90,0,0,0,0,1,0,0
40980546,3790220,17824,3,8.21,0.12,-1.14,0.02,0.25,-2.27,-3.98,0.84,-0.56,0.13,13.46,18.59,90,90,0,0,0,0,1,0,0
40997530,3807204,16984,3,8.21,0.13,-1.15,0.03,0.26,-2.29,-4.1,0.86,-0.55,0.1,13.46,18.59,90,90,0,0,0,0,1,0,0
41015507,3825181,17977,5,8.2,0.13,-1.16,0.05,0.27,-2.42,-4.03,0.88,-0.54,0.11,13.34,18.59,90,90,0,0,1,0,1,0,0
41032570,3842244,17063,5,8.21,0.13,-1.17,0.06,0.24,-1.75,-4.35,0.91,-0.56,0.1,13.13,18.59,90,90,0,0,1,0,0,0,0
41050731,3860405,18161,5,8.2,0.13,-1.18,0.07,-60.1,-4.78,-7.51,0.7,-0.55,-0.17,12.9,18.58,90,90,0,0,1,0,0,0,0
41069345,3879019,18614,5,8.22,0.13,-1.19,0.09,5.34,-1.68,-1.32,0.64,-0.61,0.2,12.72,18.6,90,90,0,0,1,0,0,0,0
41086518,3896192,17173,5,8.21,0.14,-1.21,0.09,5.79,-0.91,-1.37,0.93,-0.8,0.22,12.55,18.62,90,90,0,0,1,0,0,0,0
41105171,3914845,18653,5,8.2,0.15,-1.22,0.1,0.32,0.82,-4.49,0.96,-0.96,0.37,12.33,18.62,90,90,0,0,1,0,0,0,0
41122233,3931907,17062,5,8.21,0.16,-1.24,0.1,7.01,-2.11,-3.37,1.05,-0.9,0.45,12.1,18.63,90,90,0,0,1,0,0,0,0
41139649,3949323,17416,5,8.21,0.18,-1.26,0.1,4.69,-1.93,-5.71,1.06,-0.88,0.48,12.1,18.63,90,90,0,0,1,0,0,0,0
41158624,3968298,18975,5,8.22,0.21,-1.27,0.1,2.15,-1.61,-5.18,1.16,-0.87,0.55,11.9,18.64,90,90,0,0,1,0,0,0,0
41178062,3987736,19438,5,8.22,0.24,-1.29,0.09,1.67,-3.09,-4.78,1.27,-0.87,0.61,11.74,18.65,90,90,0,0,1,0,0,0,0
41195124,4004798,17062,5,8.21,0.28,-1.31,0.08,0.88,-3.7,-4.42,1.34,-0.89,0.62,11.58,18.66,90,90,0,0,1,0,0,0,0
41213101,4022775,17977,5,8.22,0.32,-1.32,0.07,2.78,-3.65,-7.48,1.49,-0.88,0.61,11.49,18.67,90,90,0,0,1,0,0,0,0
41229904,4039578,16803,5,8.21,0.36,-1.34,0.05,5.59,-3.54,-12.57,1.01,-0.41,0.57,11.39,18.68,90,90,0,0,1,0,0,0,0
41247424,4057098,17520,5,8.2,0.39,-1.34,0.04,6.65,-7.96,-7.52,1.36,-0.05,0.34,11.33,18.7,90,90,0,0,1,0,0,0,0
41264541,4074215,17117,5,8.21,0.41,-1.34,0.04,2.32,-6.47,-7.44,1.4,-0.02,0.29,11.22,18.7,90,90,0,0,1,0,0,0,0
41282034,4091708,17493,5,8.21,0.42,-1.34,0.06,1.6,-4.68,-5.48,1.93,0.21,-0.06,11.14,18.7,90,90,0,0,1,0,0,0,0
41298858,4108532,16824,5,8.21,0.42,-1.34,0.1,2.43,-3.95,-3.75,2.12,0.21,-0.14,11.14,18.7,90,90,0,0,1,0,0,0,0
41316339,4126013,17481,5,8.21,0.41,-1.33,0.15,3.01,-5.56,-3.94,2.09,0.13,-0.17,11.07,18.71,90,90,0,0,1,0,0,0,0
41333786,4143460,17447,5,8.21,0.39,-1.33,0.2,2.36,-5.22,-4.42,2.18,0.1,-0.34,11.02,18.71,90,90,0,0,1,0,0,0,0
41350812,4160486,17026,5,8.21,0.37,-1.33,0.26,3.07,-5.49,-5.25,2.18,0.1,-0.34,10.98,18.71,90,90,0,0,1,0,0,0,0
41367591,4177265,16779,5,8.21,0.35,-1.32,0.31,5.67,-6.34,-6.8,2.18,0.1,-0.34,10.91,18.73,90,90,0,0,1,0,0,0,0
41385569,4195243,17978,5,8.2,0.31,-1.32,0.39,7.48,-9.03,-12.52,2.7,0.48,-0.77,10.88,18.72,90,90,0,0,1,0,0,0,0
41405419,4215093,19850,5,8.22,0.27,-1.29,0.49,8.07,-7.73,-11.65,3.21,1.02,-1.07,10.87,18.72,90,90,0,0,1,0,0,0,0
41425300,4234974,19881,5,8.2,0.25,-1.26,0.59,6.73,-6.51,-7.81,3.62,1.45,-1.39,10.86,18.73,90,90,0,0,1,0,0,0,0
41442331,4252005,17031,5,8.21,0.23,-1.22,0.66,4.63,-7.64,-4.98,3.72,1.53,-1.59,10.79,18.74,90,90,0,0,1,0,0,0,0
41459825,4269499,17494,5,8.21,0.21,-1.18,0.75,3.66,-4.85,-1.38,3.71,1.53,-1.75,10.79,18.74,90,90,0,0,1,0,0,0,0
41476944,4286618,17119,5,8.21,0.2,-1.15,0.82,0.45,-3.07,-1.08,3.39,1.19,-1.91,10.72,18.74,90,90,0,0,1,0,0,0,0
41495183,4304857,18239,5,8.22,0.17,-1.11,0.9,-0.34,-2.56,-1.33,3.05,0.86,-1.84,10.65,18.73,90,90,0,0,1,0,0,0,0
41513735,4323409,18552,5,8.21,0.16,-1.07,0.97,0.45,-3.44,-1.01,3.05,0.86,-1.84,10.57,18.75,90,90,0,0,1,0,0,0,0
41530910,4340584,17175,6,8.22,0.14,-1.04,1.03,1.55,-4.06,-1.04,2.64,0.47,-1.7,10.48,18.74,90,90,0,0,0,0,1,0,0
41548781,4358455,17871,6,8.21,0.12,-1.01,1.09,3.71,-4.32,-5.57,2.42,0.31,-1.63,10.37,18.73,90,90,0,0,0,0,1,0,0
41565846,4375520,17065,6,8.2,0.11,-0.99,1.14,2.82,-4.2,-3.76,2.42,0.33,-1.61,10.24,18.73,90,90,0,0,0,0,1,0,0
41584092,4393766,18246,6,8.22,0.1,-0.96,1.19,1.61,-3.97,-1.6,2.42,0.33,-1.61,10.12,18.72,90,90,0,0,0,0,1,0,0
41602642,4412316,18550,6,8.22,0.09,-0.93,1.24,1.42,-4.4,-0.54,2.04,0.25,-1.47,9.99,18.74,90,90,0,0,0,0,1,0,0
41619707,4429381,17065,6,8.22,0.09,-0.9,1.28,1.66,-3.81,-1.31,1.92,0.19,-1.43,9.99,18.74,90,90,0,0,0,0,1,0,0
41637577,4447251,17870,6,8.21,0.08,-0.88,1.32,1.5,-3.81,-0.67,1.61,0.14,-1.32,9.84,18.73,90,90,0,0,0,0,1,0,0
41654334,4464008,16757,6,8.21,0.08,-0.86,1.35,1.7,-3.53,-0.61,1.34,0.1,-1.21,9.68,18.73,90,90,0,0,0,0,1,0,0
41672392,4482066,18058,6,8.22,0.07,-0.83,1.37,2.14,-3.97,-0.47,1.19,0.08,-1.16,9.5,18.73,90,90,0,0,0,0,1,0,0
41689841,4499515,17449,6,8.21,0.07,-0.82,1.39,1.9,-3.66,-0.76,0.86,0.02,-1.09,9.32,18.72,90,90,0,0,0,0,1,0,0
41706980,4516654,17139,6,8.22,0.06,-0.8,1.41,1.84,-3.16,-0.56,0.53,-0.03,-0.99,9.16,18.72,90,90,0,0,0,0,1,0,0
41724522,4534196,17542,6,8.21,0.06,-0.78,1.42,2.23,-3.21,-2.1,0.35,-0.05,-0.92,8.95,18.72,90,90,0,0,0,0,1,0,0
41741230,4550904,16708,6,8.22,0.05,-0.77,1.43,2.82,-3.95,-1.7,0.25,-0.03,-0.87,8.75,18.73,90,90,0,0,0,0,1,0,0
41758344,4568018,17114,6,8.22,0.05,-0.75,1.43,3.67,-5.78,-1.47,0.04,0.04,-0.87,8.75,18.73,90,90,0,0,0,0,1,0,0
41775759,4585433,17415,6,8.21,0.05,-0.74,1.43,4.45,-5.48,-2.84,-0.03,0.07,-0.95,8.57,18.71,90,90,0,0,0,0,1,0,0
41792769,4602443,17010,6,8.22,0.05,-0.72,1.44,4.93,-4.35,-3.66,-0.03,0.07,-0.95,8.36,18.73,90,90,0,0,0,0,1,0,0
41810169,4619843,17400,6,8.21,0.05,-0.7,1.44,4.64,-3.45,-3.55,-0.03,0.07,-0.95,8.16,18.71,90,90,0,0,0,0,1,0,0
41827233,4636907,17064,6,8.21,0.05,-0.69,1.43,4.07,-3.02,-3.13,-0.05,0.42,-0.99,7.96,18.7,90,90,0,0,0,0,1,0,0
41844621,4654295,17388,6,8.21,0.06,-0.67,1.43,4.12,-2.7,-2.22,-0.05,0.42,-0.99,7.73,18.72,90,90,0,0,0,0,1,0,0
41862017,4671691,17396,6,8.23,0.07,-0.65,1.42,5.02,-1.84,-1,-0.1,0.75,-0.8,7.49,18.72,90,90,0,0,0,0,1,0,0
41879296,4688970,17279,6,8.23,0.08,-0.64,1.41,5.16,-2.51,-0.41,-0.17,0.81,-0.65,7.49,18.72,90,90,0,0,0,0,1,0,0
41896470,4706144,17174,6,8.21,0.1,-0.62,1.4,4.73,-2.66,-0.24,-0.21,0.83,-0.6,7.29,18.71,90,90,0,0,0,0,1,0,0
41914285,4723959,17815,6,8.2,0.11,-0.61,1.38,3.7,-2.6,0.53,-0.36,0.83,-0.52,7.08,18.7,90,90,0,0,0,0,1,0,0
41931590,4741264,17305,6,8.21,0.13,-0.6,1.37,3.46,-2.81,0.3,-0.48,0.84,-0.46,6.89,18.68,90,90,0,0,0,0,1,0,0
41948634,4758308,17044,6,8.21,0.14,-0.59,1.35,2.86,-2.58,0.29,-0.48,0.84,-0.46,6.68,18.71,90,90,0,0,0,0,1,0,0
41965699,4775373,17065,6,8.22,0.16,-0.58,1.33,3.31,-2.82,0.17,-0.62,0.86,-0.38,6.48,18.71,90,90,0,0,0,0,1,0,0
41984354,4794028,18655,6,8.21,0.17,-0.57,1.31,3.66,-3.85,0.56,-0.78,0.87,-0.33,6.29,18.7,90,90,0,0,0,0,1,0,0
42002205,4811879,17851,6,8.21,0.19,-0.56,1.29,4.14,-3.46,0.07,-0.85,0.87,-0.34,6.07,18.69,90,90,0,0,0,0,1,0,0
42019149,4828823,16944,6,8.21,0.2,-0.55,1.27,4.53,-3.99,0.6,-1.12,0.91,-0.35,6.07,18.69,90,90,0,0,0,0,1,0,0
42037396,4847070,18247,6,8.22,0.22,-0.54,1.24,5.78,-4.7,0.75,-1.26,0.89,-0.41,5.87,18.71,90,90,0,0,0,0,1,0,0
42054516,4864190,17120,6,8.22,0.23,-0.52,1.21,6.29,-4.95,0.82,-1.43,0.89,-0.47,5.64,18.68,90,90,0,0,0,0,1,0,0
42072373,4882047,17857,6,8.2,0.25,-0.51,1.17,6.58,-4.93,1.05,-1.7,0.81,-0.59,5.45,18.68,90,90,0,0,0,0,1,0,0
42092249,4901923,19876,6,8.21,0.26,-0.49,1.13,4.88,-4.49,1.36,-1.99,0.71,-0.67,5.21,18.69,90,90,0,0,0,0,1,0,0
42112097,4921771,19848,6,8.2,0.26,-0.47,1.09,3.66,-3.4,0.37,-2.12,0.68,-0.72,4.98,18.68,90,90,0,0,0,0,1,0,0
42131121,4940795,19024,6,8.21,0.27,-0.46,1.05,3.07,-2.58,0.02,-2.2,0.67,-0.69,4.71,18.68,90,90,0,0,0,0,1,0,0
42148169,4957843,17048,6,8.13,0.27,-0.44,1.01,63.55,-12.85,12.63,-2.26,0.66,-0.65,4.48,18.66,90,90,0,0,0,0,1,0,0
42166573,4976247,18404,6,8.16,0.32,-0.49,0.98,-55.95,0.66,4.18,2.33,-0.24,8.72,4.26,18.69,90,90,0,0,0,0,1,0,0
42183633,4993307,17060,6,8.16,0.44,-0.6,0.98,-25.22,-3.77,0.28,3.87,1.78,8.7,4.03,18.67,90,90,0,0,0,0,1,0,0
42200634,5010308,17001,6,8.21,0.61,-0.69,0.95,-27.93,3.62,0.67,3.85,3.23,8.72,3.86,18.65,90,90,0,0,0,0,1,0,0
42218031,5027705,17397,6,8.21,0.79,-0.78,0.89,-51.29,28.88,-15.51,4.61,3.86,8.62,3.86,18.65,90,90,0,0,0,0,1,0,0
42234895,5044569,16864,6,8.19,0.98,-0.85,0.87,-10.22,-1.73,2.42,7.8,3.12,7.92,3.63,18.65,90,90,0,0,0,0,1,0,0
42252858,5062532,17963,6,8.21,1.19,-0.9,0.86,-67.72,-94.39,75.44,8.72,3.86,6.02,3.47,18.65,90,90,0,0,0,0,1,0,0
42269889,5079563,17031,6,8.21,1.39,-0.94,0.86,-99.96,1.04,5.21,8.72,3.86,6.02,3.15,18.66,90,90,0,0,0,0,1,0,0
42289405,5099079,19516,6,8.21,1.4,-0.95,0.95,-2.63,-3.08,3.42,1.75,-2.05,-1.24,2.96,18.64,90,90,0,0,0,0,1,0,0
42306803,5116477,17398,6,8.21,1.32,-0.95,1.02,-2.31,2.1,2.86,0.33,-2.29,-1.53,2.8,18.64,90,90,0,0,0,0,1,0,0
42324541,5134215,17738,6,8.21,1.2,-0.94,1.04,-1.79,-0.16,0.09,-5.01,-3.04,-2.72,2.63,18.64,90,90,0,0,0,0,1,0,0
42342449,5152123,17908,6,8.21,1.08,-0.92,1.05,-2.5,0.12,0.24,-5.24,-2.75,-3.04,2.5,18.63,90,90,0,0,0,0,1,0,0
42359160,5168834,16711,6,8.21,0.98,-0.9,1.04,-1.44,-1.21,0.26,-5.17,-2.56,-3.19,2.5,18.63,90,90,0,0,0,0,1,0,0
42376072,5185746,16912,6,8.22,0.89,-0.88,1.04,17.89,-11.96,0.46,-0.72,-0.58,-1.38,2.38,18.63,90,90,0,0,0,0,1,0,0
42392934,5202608,16862,6,8.2,0.86,-0.86,1.05,20.52,-6.85,5.99,-0.72,-0.58,-1.38,2.27,18.62,90,90,0,0,0,0,1,0,0
42410055,5219729,17121,6,8.21,0.89,-0.86,1.07,7.92,-3.97,3.99,2.75,1.01,0.59,2.17,18.61,90,90,0,0,0,0,1,0,0
42427928,5237602,17873,6,8.22,0.92,-0.86,1.08,7.69,-7.06,2.01,0.2,0.71,0.37,2.07,18.61,90,90,0,0,0,0,1,0,0
42445049,5254723,17121,6,8.22,0.94,-0.86,1.07,4.71,-13.12,6.78,0.31,0.79,0.07,1.96,18.62,90,90,0,0,0,0,1,0,0
42462216,5271890,17167,6,8.2,0.95,-0.85,1.05,-1.09,-14.19,6.17,-0.52,0.88,-0.19,1.82,18.62,90,90,0,0,0,0,1,0,0
42479606,5289280,17390,6,8.2,0.97,-0.83,1.03,-2.05,-11.8,3.19,-0.23,0.91,-0.45,1.82,18.62,90,90,0,0,0,0,1,0,0
42496746,5306420,17140,6,8.21,0.98,-0.82,1.01,-0.2,-11.91,0.4,-0.8,0.97,-0.78,1.7,18.61,90,90,0,0,0,0,1,0,0
42513813,5323487,17067,6,8.21,0.99,-0.79,0.99,0.63,-11.8,-1.69,-0.88,1.07,-0.85,1.6,18.6,90,90,0,0,0,0,1,0,0
42531239,5340913,17426,6,8.21,1,-0.77,0.97,1.05,-11.33,-3.8,-0.88,1.07,-0.85,1.5,18.59,90,90,0,0,0,0,1,0,0
42548612,5358286,17373,6,8.21,1.02,-0.74,0.95,1.1,-10.18,-2.09,0.76,2.02,-1.03,1.44,18.6,90,90,0,0,0,0,1,0,0
42566136,5375810,17524,6,8.23,1.05,-0.71,0.95,1.07,-5.27,2.27,1.12,2.24,-0.96,1.34,18.6,90,90,0,0,0,0,1,0,0
42583312,5392986,17176,6,8.22,1.08,-0.67,0.96,0.32,-4.01,7.19,1.24,2.24,-0.88,1.27,18.61,90,90,0,0,0,0,1,0,0
42600570,5410244,17258,6,8.2,1.11,-0.64,0.97,-1.21,-6.51,10.47,2.22,2.16,-0.65,1.21,18.59,90,90,0,0,0,0,1,0,0
42617692,5427366,17122,6,8.2,1.13,-0.61,1,-1.67,-7.01,13.57,3.18,1.84,-0.63,1.21,18.59,90,90,0,0,0,0,1,0,0
42635059,5444733,17367,6,8.21,1.16,-0.58,1.04,-1.44,-5.62,12.32,3.18,1.84,-0.63,1.13,18.59,90,90,0,0,0,0,1,0,0
42652457,5462131,17398,6,8.22,1.18,-0.56,1.08,-1.4,-3.53,11.04,3.8,1.02,-0.66,1.05,18.6,90,90,0,0,0,0,1,0,0
42670045,5479719,17588,6,8.21,1.2,-0.54,1.14,-1.19,-3.2,11.25,3.8,1.02,-0.66,0.98,18.58,90,90,0,0,0,0,1,0,0
42687111,5496785,17066,6,8.22,1.2,-0.53,1.21,-0.71,-2.45,11,3.79,0.62,-0.51,0.93,18.57,90,90,0,0,0,0,1,0,0
42704978,5514652,17867,6,8.2,1.21,-0.52,1.26,-0.44,-1.87,10.63,2.52,0.17,-0.23,0.89,18.57,90,90,0,0,0,0,1,0,0
42722381,5532055,17403,6,8.2,1.21,-0.52,1.29,0.43,-2.58,9.94,1.88,0.07,-0.07,0.84,18.58,90,90,0,0,0,0,1,0,0
42739251,5548925,16870,6,8.2,1.21,-0.52,1.32,0.45,-3.74,9.57,1.88,0.07,-0.07,0.84,18.58,90,90,0,0,0,0,1,0,0
42756300,5565974,17049,6,8.2,1.21,-0.52,1.34,0.39,-3.81,8.81,-0.07,-0.03,0.01,0.79,18.57,90,90,0,0,0,0,1,0,0
42774156,5583830,17856,6,8.21,1.21,-0.52,1.34,0.36,-4.14,8.76,-0.91,-0.02,-0.02,0.74,18.58,90,90,0,0,0,0,1,0,0
42791262,5600936,17106,6,8.21,1.21,-0.52,1.32,0.27,-5.18,8.75,-1.29,-0.04,-0.02,0.73,18.57,90,90,0,0,0,0,1,0,0
42808467,5618141,17205,6,8.21,1.21,-0.52,1.3,0.24,-6.46,8.57,-1.29,-0.04,-0.02,0.7,18.56,90,90,0,0,0,0,1,0,0
42825481,5635155,17014,6,8.2,1.21,-0.52,1.27,0.19,-5.85,7.66,-1.41,-0.09,-0.05,0.64,18.57,90,90,0,0,0,0,1,0,0
42845018,5654692,19537,6,8.22,1.21,-0.52,1.25,0.43,-6.43,7.16,-1.31,-0.09,-0.01,0.59,18.57,90,90,0,0,0,0,1,0,0
42863658,5673332,18640,6,8.22,1.2,-0.52,1.23,0.38,-6.9,6.95,-1.18,-0.08,0,0.56,18.57,90,90,0,0,0,0,1,0,0
42881868,5691542,18210,6,8.2,1.2,-0.52,1.21,0.3,-7.2,6.8,-0.74,-0.05,0.02,0.55,18.57,90,90,0,0,0,0,1,0,0
42898760,5708434,16892,6,8.2,1.2,-0.52,1.2,0.35,-7.04,6.7,-0.42,-0.04,0,0.55,18.57,90,90,0,0,0,0,1,0,0
42916938,5726612,18178,6,8.2,1.2,-0.52,1.19,0.43,-7.04,6.77,-0.19,-0.02,0,0.49,18.57,90,90,0,0,0,0,1,0,0
42936363,5746037,19425,6,8.21,1.2,-0.52,1.19,0.38,-6.77,7.07,0.05,0.01,0,0.44,18.57,90,90,0,0,0,0,1,0,0
42953412,5763086,17049,6,8.19,1.2,-0.52,1.19,0.35,-6.47,7.48,0.08,0.01,0,0.43,18.56,90,90,0,0,0,0,1,0,0
42971426,5781100,18014,6,8.19,1.2,-0.52,1.19,0.33,-6.34,7.69,0.08,0.01,0,0.41,18.58,90,90,0,0,0,0,1,0,0
42991273,5800947,19847,6,8.21,1.2,-0.52,1.19,0.36,-6.48,7.43,-0.03,0,0,0.36,18.57,90,90,0,0,0,0,1,0,0
43007978,5817652,16705,6,8.2,1.2,-0.52,1.19,0.4,-6.57,7.29,-0.03,0,0,0.37,18.56,90,90,0,0,0,0,1,0,0
43025889,5835563,17911,6,8.2,1.2,-0.52,1.19,0.34,-6.59,7.28,0,0,0,0.35,18.57,90,90,0,0,0,0,1,0,0
43042703,5852377,16814,6,8.2,1.2,-0.52,1.19,0.36,-6.5,7.45,0,0,0,0.3,18.58,90,90,0,0,0,0,1,0,0
43060183,5869857,17480,6,8.21,1.2,-0.52,1.19,0.36,-6.53,7.41,0,0,0,0.29,18.58,90,90,0,0,0,0,1,0,0
43077631,5887305,17448,6,8.21,1.2,-0.52,1.19,0.33,-6.57,7.32,-0.01,0,0,0.29,18.58,90,90,0,0,0,0,1,0,0
43094359,5904033,16728,6,8.21,1.2,-0.52,1.19,0.35,-6.55,7.34,0,0,0,0.24,18.58,90,90,0,0,0,0,1,0,0
43112024,5921698,17665,6,8.21,1.2,-0.52,1.19,0.35,-6.52,7.39,0,0,0,0.21,18.58,90,90,0,0,0,0,1,0,0
43129039,5938713,17015,6,8.2,1.2,-0.52,1.19,0.35,-6.53,7.37,0,0,0,0.21,18.58,90,90,0,0,0,0,1,0,0
43146929,5956603,17890,6,8.21,1.2,-0.52,1.19,0.38,-6.58,7.36,-0.01,0,0,0.18,18.57,90,90,0,0,0,0,1,0,0
43165082,5974756,18153,6,8.22,1.2,-0.52,1.19,0.36,-6.55,7.36,-0.01,0,0,0.17,18.56,90,90,0,0,0,0,1,0,0
43184760,5994434,19678,6,8.2,1.2,-0.52,1.19,0.34,-6.53,7.37,0,0,0,0.16,18.59,90,90,0,0,0,0,1,0,0
43204185,6013859,19425,6,8.22,1.2,-0.52,1.19,0.37,-6.54,7.37,-0.01,0,0,0.14,18.57,90,90,0,0,0,0,1,0,0
43222076,6031750,17891,6,8.2,1.2,-0.52,1.19,0.36,-6.54,7.34,-0.01,0,0,0.12,18.58,90,90,0,0,0,0,1,0,0
43239556,6049230,17480,6,8.2,1.2,-0.52,1.19,0.36,-6.57,7.38,0,0,0,0.12,18.58,90,90,0,0,0,0,1,0,0
43258523,6068197,18967,6,8.22,1.2,-0.52,1.19,0.35,-6.54,7.35,0,0,0,0.13,18.57,90,90,0,0,0,0,1,0,0
43277481,6087155,18958,6,8.22,1.2,-0.52,1.19,0.34,-6.54,7.36,-0.01,0,0,0.12,18.57,90,90,0,0,0,0,1,0,0
43294531,6104205,17050,6,8.22,1.2,-0.52,1.19,0.35,-6.55,7.35,0,0,0,0.11,18.57,90,90,0,0,0,0,1,0,0
43311657,6121331,17126,6,8.21,1.2,-0.52,1.19,0.35,-6.51,7.34,0,0,0,0.06,18.57,90,90,0,0,0,0,1,0,0
43329492,6139166,17835,6,8.21,1.2,-0.52,1.19,0.33,-6.55,7.38,-0.01,0,0,0.03,18.57,90,90,0,0,0,0,1,0,0
43346236,6155910,16744,6,8.2,1.2,-0.52,1.19,0.34,-6.57,7.36,-0.01,0,0,0.04,18.57,90,90,0,0,0,0,1,0,0
43363034,6172708,16798,6,8.22,1.2,-0.52,1.19,0.34,-6.58,7.35,-0.01,0,0,0.03,18.57,90,90,0,0,0,0,1,0,0
43381299,6190973,18265,6,8.22,1.2,-0.52,1.19,0.37,-6.54,7.34,-0.01,0,0,0.02,18.58,90,90,0,0,0,0,1,0,0
43400780,6210454,19481,6,8.23,1.2,-0.52,1.19,0.33,-6.54,7.36,-0.01,0,0,0,18.57,90,90,0,0,0,0,1,0,0
43417702,6227376,16922,6,8.23,1.2,-0.52,1.19,0.36,-6.58,7.35,0,0,0,0,18.57,90,90,0,0,0,0,1,0,0
43435804,6245478,18102,6,8.21,1.2,-0.52,1.19,0.36,-6.55,7.32,-0.01,0,0,0.02,18.57,90,90,0,0,0,0,1,0,0
43455670,6265344,19866,6,8.2,1.2,-0.52,1.19,0.35,-6.53,7.36,-0.01,0,0,-0.01,18.57,90,90,0,0,0,0,1,0,0
43472664,6282338,16994,6,8.2,1.2,-0.52,1.19,0.34,-6.54,7.34,-0.01,0,0,-0.03,18.59,90,90,0,0,0,0,1,0,0
43489373,6299047,16709,6,8.22,1.2,-0.52,1.19,0.35,-6.55,7.36,0,0,0,-0.05,18.58,90,90,0,0,0,0,1,0,0
43506534,6316208,17161,6,8.21,1.2,-0.52,1.19,0.36,-6.55,7.37,-0.01,0,0,-0.05,18.58,90,90,0,0,0,0,1,0,0
43525171,6334845,18637,6,8.2,1.2,-0.52,1.19,0.37,-6.55,7.35,-0.01,0,0,-0.09,18.57,90,90,0,0,0,0,1,0,0
43542607,6352281,17436,6,8.2,1.2,-0.52,1.19,0.35,-6.57,7.35,0,0,0,-0.09,18.58,90,90,0,0,0,0,1,0,0
43559727,6369401,17120,6,8.2,1.2,-0.52,1.19,0.36,-6.57,7.37,0,0,0,-0.09,18.58,90,90,0,0,0,0,1,0,0
43578368,6388042,18641,6,8.21,1.2,-0.52,1.19,0.34,-6.56,7.36,0,0,0,-0.1,18.58,90,90,0,0,0,0,1,0,0
43595474,6405148,17106,6,8.2,1.2,-0.52,1.19,0.34,-6.55,7.35,0,0,0,-0.12,18.58,90,90,0,0,0,0,1,0,0
43612895,6422569,17421,6,8.21,1.2,-0.52,1.19,0.35,-6.58,7.36,0,0,0,-0.15,18.58,90,90,0,0,0,0,1,0,0
43629655,6439329,16760,6,8.2,1.2,-0.52,1.19,0.34,-6.55,7.37,0,0,0,-0.17,18.58,90,90,0,0,0,0,1,0,0
43647567,6457241,17912,6,8.2,1.2,-0.52,1.19,0.36,-6.55,7.36,-0.01,0,0,-0.16,18.57,90,90,0,0,0,0,1,0,0
43664617,6474291,17050,6,8.2,1.2,-0.52,1.19,0.36,-6.57,7.34,0,0,0,-0.15,18.58,90,90,0,0,0,0,1,0,0
43682939,6492613,18322,6,8.22,1.2,-0.52,1.19,0.34,-6.54,7.37,0,0,0,-0.19,18.59,90,90,0,0,0,0,1,0,0
43699811,6509485,16872,6,8.22,1.2,-0.52,1.19,0.34,-6.55,7.35,0,0,0,-0.19,18.59,90,90,0,0,0,0,1,0,0
43718101,6527775,18290,6,8.21,1.2,-0.52,1.19,0.37,-6.56,7.36,-0.01,0,0,-0.17,18.58,90,90,0,0,0,0,1,0,0
43736852,6546526,18751,6,8.21,1.2,-0.52,1.19,0.37,-6.55,7.34,0,0,0,-0.13,18.58,90,90,0,0,0,0,1,0,0
43753902,6563576,17050,6,8.21,1.2,-0.52,1.19,0.34,-6.56,7.38,0,0,0,-0.13,18.58,90,90,0,0,0,0,1,0,0
43770918,6580592,17016,6,8.21,1.2,-0.52,1.19,0.35,-6.57,7.36,0,0,0,-0.15,18.57,90,90,0,0,0,0,1,0,0
43788275,6597949,17357,6,8.21,1.2,-0.52,1.19,0.36,-6.57,7.36,0,0,0,-0.12,18.57,90,90,0,0,0,0,1,0,0
43805669,6615343,17394,6,8.21,1.2,-0.52,1.19,0.33,-6.55,7.34,0,0,0,-0.13,18.58,90,90,0,0,0,0,1,0,0
43822718,6632392,17049,6,8.21,1.2,-0.52,1.19,0.35,-6.56,7.34,0,0,0,-0.11,18.57,90,90,0,0,0,0,1,0,0
43840144,6649818,17426,6,8.21,1.2,-0.52,1.19,0.36,-6.56,7.35,-0.01,0,0,-0.13,18.57,90,90,0,0,0,0,1,0,0
43856860,6666534,16716,6,8.21,1.2,-0.52,1.19,0.35,-6.57,7.33,0,0,0,-0.13,18.57,90,90,0,0,0,0,1,0,0
43875030,6684704,18170,6,8.2,1.2,-0.52,1.19,0.36,-6.54,7.37,0,0,0,-0.1,18.56,90,90,0,0,0,0,1,0,0
43892409,6702083,17379,6,8.21,1.2,-0.52,1.19,0.38,-6.57,7.34,-0.01,0,-0.01,-0.11,18.57,90,90,0,0,0,0,1,0,0
43910377,6720051,17968,6,8.21,1.2,-0.52,1.19,0.33,-6.54,7.36,0,0,0,-0.09,18.57,90,90,0,0,0,0,1,0,0
43927192,6736866,16815,6,8.21,1.2,-0.52,1.19,0.35,-6.55,7.36,0,0,0,-0.09,18.57,90,90,0,0,0,0,1,0,0
43945104,6754778,17912,6,8.2,1.2,-0.52,1.19,0.37,-6.55,7.36,0,0,0,-0.09,18.57,90,90,0,0,0,0,1,0,0
43964876,6774550,19772,6,8.22,1.2,-0.52,1.19,0.34,-6.56,7.35,0,0,0,-0.09,18.58,90,90,0,0,0,0,1,0,0
43984688,6794362,19812,6,8.2,1.2,-0.52,1.19,0.37,-6.56,7.32,0,0,0,-0.12,18.57,90,90,0,0,0,0,1,0,0
44004731,6814405,20043,6,8.19,1.2,-0.52,1.19,0.37,-6.55,7.35,0,0,0,-0.12,18.57,90,90,0,0,0,0,1,0,0
44024155,6833829,19424,6,8.2,1.2,-0.52,1.19,0.33,-6.57,7.35,0,0,0,-0.13,18.57,90,90,0,0,0,0,1,0,0
44044365,6854039,20210,6,8.22,1.2,-0.52,1.19,0.33,-6.55,7.34,0,0,0,-0.1,18.58,90,90,0,0,0,0,1,0,0
44062813,6872487,18448,6,8.22,1.2,-0.52,1.19,0.34,-6.55,7.35,-0.01,0,0,-0.13,18.58,90,90,0,0,0,0,1,0,0
44079633,6889307,16820,6,8.22,1.2,-0.52,1.19,0.36,-6.57,7.33,-0.01,0,0,-0.13,18.58,90,90,0,0,0,0,1,0,0
44097544,6907218,17911,6,8.22,1.2,-0.52,1.19,0.36,-6.58,7.35,-0.01,0,0,-0.15,18.58,90,90,0,0,0,0,1,0,0
44114594,6924268,17050,6,8.21,1.2,-0.52,1.19,0.34,-6.56,7.34,-0.01,0,0,-0.13,18.58,90,90,0,0,0,0,1,0,0
44132617,6942291,18023,6,8.22,1.2,-0.52,1.19,0.37,-6.56,7.35,-0.01,0,0,-0.14,18.58,90,90,0,0,0,0,1,0,0
44151608,6961282,18991,6,8.22,1.2,-0.52,1.19,0.36,-6.58,7.34,-0.01,0,0,-0.14,18.57,90,90,0,0,0,0,1,0,0
44169036,6978710,17428,6,8.22,1.2,-0.52,1.19,0.36,-6.58,7.36,0,0,0,-0.12,18.57,90,90,0,0,0,0,1,0,0
44186107,6995781,17071,6,8.21,1.2,-0.52,1.19,0.34,-6.56,7.35,-0.01,0,0,-0.16,18.58,90,90,0,0,0,0,1,0,0
44203156,7012830,17049,6,8.21,1.2,-0.52,1.19,0.35,-6.55,7.35,0,0,0,-0.13,18.57,90,90,0,0,0,0,1,0,0
44221000,7030674,17844,6,8.22,1.2,-0.52,1.19,0.36,-6.58,7.34,0,0,0,-0.12,18.56,90,90,0,0,0,0,1,0,0
44238214,7047888,17214,6,8.22,1.2,-0.52,1.19,0.35,-6.54,7.32,0,0,0,-0.12,18.56,90,90,0,0,0,0,1,0,0
44255666,7065340,17452,6,8.21,1.2,-0.52,1.19,0.35,-6.57,7.34,0,0,-0.01,-0.13,18.57,90,90,0,0,0,0,1,0,0
44275091,7084765,19425,6,8.21,1.2,-0.52,1.19,0.35,-6.58,7.34,0,0,0,-0.15,18.58,90,90,0,0,0,0,1,0,0
44291838,7101512,16747,6,8.22,1.2,-0.52,1.19,0.37,-6.57,7.34,0,0,0,-0.14,18.58,90,90,0,0,0,0,1,0,0
44309805,7119479,17967,6,8.21,1.2,-0.52,1.19,0.35,-6.55,7.37,0,0,0,-0.14,18.58,90,90,0,0,0,0,1,0,0
44327132,7136806,17327,6,8.22,1.2,-0.52,1.19,0.36,-6.58,7.34,0,0,0,-0.13,18.57,90,90,0,0,0,0,1,0,0
44345318,7154992,18186,6,8.21,1.2,-0.52,1.19,0.37,-6.56,7.34,0,0,0,-0.14,18.56,90,90,0,0,0,0,1,0,0
44362423,7172097,17105,6,8.2,1.2,-0.52,1.19,0.35,-6.58,7.33,0,0,0,-0.14,18.58,90,90,0,0,0,0,1,0,0
44379728,7189402,17305,6,8.2,1.2,-0.52,1.19,0.35,-6.57,7.35,0,0,0,-0.14,18.58,90,90,0,0,0,0,1,0,0
44398312,7207986,18584,6,8.21,1.2,-0.52,1.19,0.36,-6.6,7.34,0,0,0,-0.11,18.58,90,90,0,0,0,0,1,0,0
44415710,7225384,17398,6,8.23,1.2,-0.52,1.19,0.37,-6.57,7.35,0,0,0,-0.11,18.58,90,90,0,0,0,0,1,0,0
44433167,7242841,17457,6,8.2,1.2,-0.52,1.19,0.38,-6.57,7.35,0,0,0,-0.1,18.57,90,90,0,0,0,0,1,0,0
44450778,7260452,17611,6,8.2,1.2,-0.52,1.19,0.35,-6.57,7.35,0,0,0,-0.13,18.57,90,90,0,0,0,0,1,0,0
44467848,7277522,17070,6,8.2,1.2,-0.52,1.19,0.36,-6.6,7.35,0,0,0,-0.14,18.57,90,90,0,0,0,0,1,0,0
44487385,7297059,19537,6,8.21,1.2,-0.52,1.19,0.37,-6.58,7.31,0,0,0,-0.17,18.57,90,90,0,0,0,0,1,0,0
44507212,7316886,19827,6,8.2,1.2,-0.52,1.19,0.35,-6.57,7.33,0,0,0,-0.17,18.58,90,90,0,0,0,0,1,0,0
44524215,7333889,17003,6,8.22,1.2,-0.52,1.19,0.37,-6.57,7.35,0,0,0,-0.17,18.57,90,90,0,0,0,0,1,0,0
44541640,7351314,17425,6,8.22,1.2,-0.52,1.19,0.36,-6.59,7.36,0,0,0,-0.19,18.59,90,90,0,0,0,0,1,0,0
44558801,7368475,17161,6,8.22,1.2,-0.52,1.19,0.37,-6.57,7.34,0,0,0,-0.19,18.59,90,90,0,0,0,0,1,0,0
44576657,7386331,17856,6,8.21,1.2,-0.52,1.19,0.33,-6.59,7.34,0,0,0,-0.17,18.58,90,90,0,0,0,0,1,0,0
44594073,7403747,17416,6,8.2,1.2,-0.52,1.19,0.36,-6.62,7.33,0,0,0,-0.15,18.57,90,90,0,0,0,0,1,0,0
44611465,7421139,17392,6,8.21,1.2,-0.52,1.19,0.36,-6.58,7.32,0,0,0,-0.15,18.57,90,90,0,0,0,0,1,0,0
44628571,7438245,17106,6,8.2,1.2,-0.52,1.19,0.33,-6.56,7.34,0,0,0,-0.14,18.56,90,90,0,0,0,0,1,0,0
44645642,7455316,17071,6,8.2,1.2,-0.52,1.19,0.35,-6.58,7.34,-0.01,0,0,-0.12,18.57,90,90,0,0,0,0,1,0,0
44663042,7472716,17400,6,8.21,1.2,-0.52,1.19,0.36,-6.59,7.33,0,0,0,-0.14,18.57,90,90,0,0,0,0,1,0,0
44680296,7489970,17254,6,8.19,1.2,-0.52,1.19,0.37,-6.55,7.34,-0.01,0,0,-0.14,18.57,90,90,0,0,0,0,1,0,0
44697670,7507344,17374,6,8.19,1.2,-0.52,1.19,0.4,-6.57,7.35,0,0,0,-0.14,18.57,90,90,0,0,0,0,1,0,0
44714684,7524358,17014,6,8.22,1.2,-0.52,1.19,0.35,-6.56,7.35,0,0,0,-0.14,18.57,90,90,0,0,0,0,1,0,0
44734465,7544139,19781,6,8.22,1.2,-0.52,1.19,0.35,-6.59,7.33,0,0,0,-0.15,18.57,90,90,0,0,0,0,1,0,0
44751459,7561133,16994,6,8.22,1.2,-0.52,1.19,0.37,-6.59,7.34,0,0,0,-0.14,18.56,90,90,0,0,0,0,1,0,0
44768866,7578540,17407,6,8.2,1.2,-0.52,1.19,0.33,-6.56,7.33,0,0,0,-0.17,18.58,90,90,0,0,0,0,1,0,0
44786302,7595976,17436,6,8.21,1.2,-0.52,1.19,0.34,-6.57,7.33,0,0,0,-0.17,18.58,90,90,0,0,0,0,1,0,0
44804764,7614438,18462,6,8.21,1.2,-0.52,1.19,0.34,-6.55,7.34,0,0,0,-0.15,18.56,90,90,0,0,0,0,1,0,0
44824245,7633919,19481,6,8.21,1.2,-0.52,1.19,0.36,-6.58,7.36,0,0,0,-0.16,18.58,90,90,0,0,0,0,1,0,0
44842135,7651809,17890,6,8.19,1.2,-0.52,1.19,0.34,-6.55,7.34,0,0,0,-0.16,18.57,90,90,0,0,0,0,1,0,0
44859123,7668797,16988,6,8.19,1.2,-0.52,1.19,0.37,-6.59,7.34,-0.01,0,0,-0.16,18.57,90,90,0,0,0,0,1,0,0
44877309,7686983,18186,6,8.21,1.2,-0.52,1.19,0.38,-6.59,7.33,0,0,0,-0.14,18.57,90,90,0,0,0,0,1,0,0
44894133,7703807,16824,6,8.21,1.2,-0.52,1.19,0.37,-6.6,7.35,0,0,0,-0.15,18.57,90,90,0,0,0,0,1,0,0
44911988,7721662,17855,6,8.21,1.2,-0.52,1.19,0.35,-6.56,7.33,-0.01,0,0,-0.17,18.59,90,90,0,0,0,0,1,0,0
44929038,7738712,17050,6,8.19,1.2,-0.52,1.19,0.36,-6.59,7.35,0,0,0,-0.2,18.58,90,90,0,0,0,0,1,0,0
44946553,7756227,17515,6,8.22,1.2,-0.52,1.19,0.36,-6.57,7.34,0,0,0,-0.2,18.57,90,90,0,0,0,0,1,0,0
44963557,7773231,17004,6,8.22,1.2,-0.52,1.19,0.36,-6.57,7.32,0,0,0,-0.21,18.57,90,90,0,0,0,0,1,0,0
44981822,7791496,18265,6,8.19,1.2,-0.52,1.19,0.36,-6.59,7.34,0,0,0,-0.23,18.58,90,90,0,0,0,0,1,0,0
44998871,7808545,17049,6,8.19,1.2,-0.52,1.19,0.36,-6.58,7.32,0,0,0,-0.23,18.58,90,90,0,0,0,0,1,0,0
45016784,7826458,17913,6,8.2,1.2,-0.52,1.19,0.36,-6.58,7.34,0,0,0,-0.24,18.59,90,90,0,0,0,0,1,0,0
45033558,7843232,16774,6,8.21,1.2,-0.52,1.19,0.34,-6.57,7.32,0,0,0,-0.24,18.57,90,90,0,0,0,0,1,0,0
45051008,7860682,17450,6,8.2,1.2,-0.52,1.19,0.36,-6.57,7.37,0,0,0,-0.22,18.58,90,90,0,0,0,0,1,0,0
45068170,7877844,17162,6,8.21,1.2,-0.52,1.19,0.37,-6.57,7.35,0,0,0,-0.2,18.57,90,90,0,0,0,0,1,0,0
45085242,7894916,17072,6,8.21,1.2,-0.52,1.19,0.36,-6.59,7.33,0,0,0,-0.22,18.58,90,90,0,0,0,0,1,0,0
45102769,7912443,17527,6,8.2,1.2,-0.52,1.19,0.35,-6.56,7.34,0,0,0,-0.22,18.59,90,90,0,0,0,0,1,0,0
45119574,7929248,16805,6,8.2,1.2,-0.52,1.19,0.36,-6.58,7.33,0,0,0,-0.22,18.59,90,90,0,0,0,0,1,0,0
45136948,7946622,17374,6,8.22,1.2,-0.52,1.19,0.38,-6.59,7.33,-0.01,0,0,-0.21,18.57,90,90,0,0,0,0,1,0,0
45154019,7963693,17071,6,8.2,1.2,-0.52,1.19,0.35,-6.57,7.32,0,0,0,-0.22,18.56,90,90,0,0,0,0,1,0,0
45170766,7980440,16747,6,8.21,1.2,-0.52,1.19,0.36,-6.6,7.34,0,0,0,-0.21,18.57,90,90,0,0,0,0,1,0,0
45188622,7998296,17856,6,8.22,1.2,-0.52,1.19,0.34,-6.56,7.33,0,0,0,-0.23,18.58,90,90,0,0,0,0,1,0,0
45205834,8015508,17212,6,8.2,1.2,-0.52,1.19,0.36,-6.58,7.34,0,0,0,-0.22,18.58,90,90,0,0,0,0,1,0,0
45222540,8032214,16706,6,8.2,1.2,-0.52,1.19,0.36,-6.57,7.33,0,0,0,-0.23,18.58,90,90,0,0,0,0,1,0,0
45239550,8049224,17010,6,8.2,1.2,-0.52,1.19,0.35,-6.59,7.34,0,0,-0.01,-0.23,18.58,90,90,0,0,0,0,1,0,0
45259031,8068705,19481,6,8.21,1.2,-0.52,1.19,0.37,-6.56,7.35,0,0,0,-0.24,18.57,90,90,0,0,0,0,1,0,0
45277783,8087457,18752,6,8.2,1.2,-0.52,1.19,0.35,-6.6,7.34,0,0,0,-0.23,18.57,90,90,0,0,0,0,1,0,0
45294832,8104506,17049,6,8.21,1.2,-0.52,1.19,0.37,-6.58,7.34,0,0,0,-0.22,18.57,90,90,0,0,0,0,1,0,0
45312497,8122171,17665,6,8.21,1.2,-0.52,1.19,0.36,-6.57,7.32,0,0,0,-0.23,18.57,90,90,0,0,0,0,1,0,0
45329603,8139277,17106,6,8.21,1.2,-0.52,1.19,0.37,-6.57,7.32,0,0,0,-0.22,18.58,90,90,0,0,0,0,1,0,0
45346674,8156348,17071,6,8.22,1.2,-0.52,1.19,0.37,-6.59,7.32,0,0,0,-0.21,18.57,90,90,0,0,0,0,1,0,0
45363780,8173454,17106,6,8.22,1.2,-0.52,1.19,0.35,-6.58,7.34,0,0,-0.01,-0.2,18.56,90,90,0,0,0,0,1,0,0
45381302,8190976,17522,6,8.2,1.2,-0.52,1.19,0.35,-6.56,7.32,0,0,0,-0.21,18.57,90,90,0,0,0,0,1,0,0
45398673,8208347,17371,6,8.2,1.2,-0.52,1.19,0.35,-6.59,7.34,0,0,0,-0.21,18.57,90,90,0,0,0,0,1,0,0
45415743,8225417,17070,6,8.2,1.2,-0.52,1.19,0.36,-6.59,7.32,0,0,0,-0.21,18.57,90,90,0,0,0,0,1,0,0
45432905,8242579,17162,6,8.2,1.2,-0.52,1.19,0.35,-6.58,7.34,0,0,0,-0.21,18.59,90,90,0,0,0,0,1,0,0
45450705,8260379,17800,6,8.22,1.2,-0.52,1.19,0.36,-6.59,7.34,0,0,0,-0.2,18.57,90,90,0,0,0,0,1,0,0
45467491,8277165,16786,6,8.21,1.2,-0.52,1.19,0.35,-6.58,7.31,0,0,0,-0.19,18.58,90,90,0,0,0,0,1,0,0
45485669,8295343,18178,6,8.2,1.2,-0.52,1.19,0.34,-6.61,7.3,0,0,0,-0.21,18.58,90,90,0,0,0,0,1,0,0
45502831,8312505,17162,6,8.21,1.2,-0.52,1.19,0.36,-6.56,7.34,0,0,0,-0.2,18.56,90,90,0,0,0,0,1,0,0
45520255,8329929,17424,6,8.2,1.2,-0.52,1.19,0.35,-6.59,7.33,0,0,0,-0.22,18.57,90,90,0,0,0,0,1,0,0
45536969,8346643,16714,6,8.2,1.2,-0.52,1.19,0.38,-6.58,7.32,0,0,0,-0.22,18.57,90,90,0,0,0,0,1,0,0
45554207,8363881,17238,6,8.21,1.2,-0.52,1.19,0.38,-6.59,7.36,0,0,0,-0.22,18.57,90,90,0,0,0,0,1,0,0
45571581,8381255,17374,6,8.21,1.2,-0.52,1.19,0.37,-6.59,7.32,0,0,0,-0.22,18.57,90,90,0,0,0,0,1,0,0
45588764,8398438,17183,6,8.19,1.2,-0.52,1.19,0.36,-6.56,7.34,0,0,0,-0.2,18.56,90,90,0,0,0,0,1,0,0
45605569,8415243,16805,6,8.2,1.2,-0.52,1.19,0.34,-6.58,7.31,0,0,0,-0.2,18.56,90,90,0,0,0,0,1,0,0
45622675,8432349,17106,6,8.21,1.2,-0.52,1.19,0.35,-6.6,7.32,0,0,0,-0.2,18.56,90,90,0,0,0,0,1,0,0
45639654,8449328,16979,6,8.21,1.2,-0.52,1.19,0.35,-6.58,7.32,0,0,0,-0.2,18.56,90,90,0,0,0,0,1,0,0
45658625,8468299,18971,6,8.21,1.2,-0.52,1.19,0.34,-6.59,7.32,0,0,0,-0.18,18.57,90,90,0,0,0,0,1,0,0
45675390,8485064,16765,6,8.21,1.2,-0.52,1.19,0.36,-6.57,7.32,0,0,0,-0.18,18.56,90,90,0,0,0,0,1,0,0
45693412,8503086,18022,6,8.2,1.2,-0.52,1.19,0.34,-6.57,7.33,0,0,0,-0.17,18.57,90,90,0,0,0,0,1,0,0
45710407,8520081,16995,6,8.2,1.2,-0.52,1.19,0.35,-6.57,7.31,0,0,0,-0.14,18.57,90,90,0,0,0,0,1,0,0
45727101,8536775,16694,6,8.21,1.2,-0.52,1.19,0.38,-6.59,7.34,0,0,-0.01,-0.14,18.56,90,90,0,0,0,0,1,0,0
45744214,8553888,17113,6,8.2,1.2,-0.52,1.19,0.35,-6.56,7.33,0,0,0,-0.13,18.56,90,90,0,0,0,0,1,0,0
45761695,8571369,17481,6,8.21,1.2,-0.52,1.19,0.36,-6.58,7.32,0,0,0,-0.12,18.57,90,90,0,0,0,0,1,0,0
45778743,8588417,17048,6,8.21,1.2,-0.52,1.19,0.36,-6.58,7.35,0,0,0,-0.12,18.57,90,90,0,0,0,0,1,0,0
45796655,8606329,17912,6,8.21,1.2,-0.52,1.19,0.38,-6.6,7.34,0,0,-0.01,-0.12,18.57,90,90,0,0,0,0,1,0,0
45813717,8623391,17062,6,8.21,1.2,-0.52,1.19,0.32,-6.57,7.29,0,0,-0.01,-0.13,18.57,90,90,0,0,0,0,1,0,0
45831054,8640728,17337,6,8.2,1.2,-0.52,1.19,0.36,-6.55,7.32,0,0,-0.01,-0.13,18.58,90,90,0,0,0,0,1,0,0
45848160,8657834,17106,6,8.21,1.2,-0.52,1.19,0.36,-6.6,7.31,0,0,0,-0.14,18.56,90,90,0,0,0,0,1,0,0
45865231,8674905,17071,6,8.21,1.2,-0.52,1.19,0.34,-6.57,7.29,0,0,0,-0.13,18.57,90,90,0,0,0,0,1,0,0
45882767,8692441,17536,6,8.2,1.2,-0.52,1.19,0.37,-6.6,7.32,0,0,0,-0.12,18.57,90,90,0,0,0,0,1,0,0
45900295,8709969,17528,6,8.21,1.2,-0.52,1.19,0.37,-6.59,7.32,0,0,0,-0.15,18.57,90,90,0,0,0,0,1,0,0
45917667,8727341,17372,6,8.21,1.2,-0.52,1.19,0.37,-6.59,7.33,0,0,0,-0.15,18.57,90,90,0,0,0,0,1,0,0
45934793,8744467,17126,6,8.19,1.2,-0.52,1.19,0.36,-6.58,7.32,0,0,0,-0.15,18.56,90,90,0,0,0,0,1,0,0
45951564,8761238,16771,6,8.22,1.2,-0.52,1.19,0.34,-6.59,7.33,0,0,0,-0.13,18.56,90,90,0,0,0,0,1,0,0
45969364,8779038,17800,6,8.2,1.2,-0.52,1.19,0.37,-6.59,7.32,0,0,0,-0.12,18.55,90,90,0,0,0,0,1,0,0
45986777,8796451,17413,6,8.2,1.2,-0.52,1.19,0.34,-6.59,7.29,0,0,0,-0.13,18.57,90,90,0,0,0,0,1,0,0
46005797,8815471,19020,6,8.21,1.2,-0.52,1.19,0.35,-6.59,7.31,0,0,0,-0.16,18.58,90,90,0,0,0,0,1,0,0
46022847,8832521,17050,6,8.2,1.2,-0.52,1.19,0.36,-6.6,7.3,0,0,0,-0.15,18.57,90,90,0,0,0,0,1,0,0
46039973,8849647,17126,6,8.2,1.2,-0.52,1.19,0.34,-6.57,7.31,0,0,0,-0.15,18.57,90,90,0,0,0,0,1,0,0
46057884,8867558,17911,6,8.2,1.2,-0.52,1.19,0.34,-6.58,7.31,0,0,0,-0.16,18.59,90,90,0,0,0,0,1,0,0
46075272,8884946,17388,6,8.2,1.2,-0.52,1.19,0.39,-6.6,7.31,0,0,0,-0.16,18.57,90,90,0,0,0,0,1,0,0
46092617,8902291,17345,6,8.2,1.2,-0.52,1.19,0.36,-6.62,7.33,0,0,0,-0.14,18.58,90,90,0,0,0,0,1,0,0
46109379,8919053,16762,6,8.22,1.2,-0.52,1.19,0.34,-6.57,7.33,0,0,0,-0.16,18.58,90,90,0,0,0,0,1,0,0
46128186,8937860,18807,6,8.22,1.2,-0.52,1.19,0.36,-6.59,7.33,0,0,0,-0.14,18.57,90,90,0,0,0,0,1,0,0
46146826,8956500,18640,6,8.2,1.2,-0.52,1.19,0.34,-6.58,7.29,0,0,0,-0.13,18.56,90,90,0,0,0,0,1,0,0
46165064,8974738,18238,6,8.2,1.2,-0.52,1.19,0.37,-6.58,7.36,0,0,0,-0.14,18.58,90,90,0,0,0,0,1,0,0
46181761,8991435,16697,6,8.21,1.2,-0.52,1.19,0.35,-6.58,7.3,0,0,0,-0.15,18.58,90,90,0,0,0,0,1,0,0
46198867,9008541,17106,6,8.21,1.2,-0.52,1.19,0.32,-6.6,7.33,0,0,0,-0.15,18.58,90,90,0,0,0,0,1,0,0
46215938,9025612,17071,6,8.21,1.2,-0.52,1.19,0.36,-6.6,7.3,0,0,0,-0.17,18.59,90,90,0,0,0,0,1,0,0
46233829,9043503,17891,6,8.21,1.2,-0.52,1.19,0.35,-6.58,7.33,0,0,0,-0.17,18.58,90,90,0,0,0,0,1,0,0
46251116,9060790,17287,6,8.21,1.2,-0.52,1.19,0.35,-6.59,7.33,0,0,0,-0.17,18.55,90,90,0,0,0,0,1,0,0
46268488,9078162,17372,6,8.2,1.2,-0.52,1.19,0.36,-6.59,7.32,0,0,0,-0.19,18.58,90,90,0,0,0,0,1,0,0
46285559,9095233,17071,6,8.21,1.2,-0.52,1.19,0.35,-6.58,7.33,0,0,0,-0.2,18.58,90,90,0,0,0,0,1,0,0
46302608,9112282,17049,6,8.22,1.2,-0.52,1.19,0.34,-6.6,7.34,0,0,0,-0.21,18.57,90,90,0,0,0,0,1,0,0
46320509,9130183,17901,6,8.22,1.2,-0.52,1.19,0.34,-6.57,7.34,0,0,0,-0.21,18.58,90,90,0,0,0,0,1,0,0
46337489,9147163,16980,6,8.22,1.2,-0.52,1.19,0.35,-6.59,7.33,0,0,0,-0.21,18.58,90,90,0,0,0,0,1,0,0
46354883,9164557,17394,6,8.2,1.2,-0.52,1.19,0.34,-6.59,7.34,0,0,0,-0.2,18.57,90,90,0,0,0,0,1,0,0
46371988,9181662,17105,6,8.21,1.2,-0.52,1.19,0.34,-6.59,7.31,0,0,0,-0.17,18.57,90,90,0,0,0,0,1,0,0
46390226,9199900,18238,6,8.2,1.2,-0.52,1.19,0.35,-6.61,7.33,0,0,0,-0.16,18.59,90,90,0,0,0,0,1,0,0
46408867,9218541,18641,6,8.2,1.2,-0.52,1.19,0.35,-6.58,7.33,0,0,0,-0.15,18.58,90,90,0,0,0,0,1,0,0
46425748,9235422,16881,6,8.21,1.2,-0.52,1.19,0.33,-6.58,7.29,-0.01,0,0,-0.16,18.58,90,90,0,0,0,0,1,0,0
46444713,9254387,18965,6,8.22,1.2,-0.52,1.19,0.36,-6.59,7.33,0,0,0,-0.14,18.57,90,90,0,0,0,0,1,0,0
46462174,9271848,17461,6,8.2,1.2,-0.52,1.19,0.36,-6.58,7.34,0,0,0,-0.16,18.59,90,90,0,0,0,0,1,0,0
46479599,9289273,17425,6,8.2,1.2,-0.52,1.19,0.35,-6.59,7.32,0,0,0,-0.16,18.59,90,90,0,0,0,0,1,0,0
46497510,9307184,17911,6,8.21,1.2,-0.52,1.19,0.36,-6.6,7.3,0,0,0,-0.18,18.58,90,90,0,0,0,0,1,0,0
46514954,9324628,17444,6,8.22,1.2,-0.52,1.19,0.36,-6.57,7.31,0,0,0,-0.18,18.57,90,90,0,0,0,0,1,0,0
46532356,9342030,17402,6,8.21,1.2,-0.52,1.19,0.37,-6.6,7.32,0,0,0,-0.17,18.58,90,90,0,0,0,0,1,0,0
46549230,9358904,16874,6,8.21,1.2,-0.52,1.19,0.36,-6.6,7.29,0,0,0,-0.18,18.59,90,90,0,0,0,0,1,0,0
46567085,9376759,17855,6,8.2,1.2,-0.52,1.19,0.37,-6.58,7.35,0,0,0,-0.18,18.58,90,90,0,0,0,0,1,0,0
46584247,9393921,17162,6,8.22,1.2,-0.52,1.19,0.34,-6.59,7.29,0,0,0,-0.18,18.58,90,90,0,0,0,0,1,0,0
46601238,9410912,16991,6,8.22,1.2,-0.52,1.19,0.34,-6.62,7.32,0,0,0,-0.19,18.59,90,90,0,0,0,0,1,0,0
46618401,9428075,17163,6,8.22,1.2,-0.52,1.19,0.35,-6.58,7.3,0,0,0,-0.19,18.59,90,90,0,0,0,0,1,0,0
46636257,9445931,17856,6,8.2,1.2,-0.52,1.19,0.34,-6.58,7.32,0,0,0,-0.2,18.59,90,90,0,0,0,0,1,0,0
46653362,9463036,17105,6,8.21,1.2,-0.52,1.19,0.38,-6.58,7.31,0,0,0,-0.18,18.58,90,90,0,0,0,0,1,0,0
46670377,9480051,17015,6,8.22,1.2,-0.52,1.19,0.33,-6.58,7.34,0,0,0,-0.2,18.6,90,90,0,0,0,0,1,0,0
46688412,9498086,18035,6,8.21,1.2,-0.52,1.19,0.37,-6.6,7.33,0,0,0,-0.19,18.58,90,90,0,0,0,0,1,0,0
46705861,9515535,17449,6,8.21,1.2,-0.52,1.19,0.34,-6.6,7.3,-0.01,0,0,-0.2,18.59,90,90,0,0,0,0,1,0,0
46722911,9532585,17050,6,8.21,1.2,-0.52,1.19,0.37,-6.6,7.3,0,0,0,-0.2,18.58,90,90,0,0,0,0,1,0,0
46739608,9549282,16697,6,8.21,1.2,-0.52,1.19,0.37,-6.59,7.31,0,0,0,-0.2,18.58,90,90,0,0,0,0,1,0,0
46756460,9566134,16852,6,8.22,1.2,-0.52,1.19,0.38,-6.59,7.34,0,0,0,-0.22,18.59,90,90,0,0,0,0,1,0,0
46774365,9584039,17905,6,8.21,1.2,-0.52,1.19,0.35,-6.59,7.33,0,0,0,-0.21,18.59,90,90,0,0,0,0,1,0,0
46791737,9601411,17372,6,8.19,1.2,-0.52,1.19,0.36,-6.56,7.32,0,0,0,-0.21,18.59,90,90,0,0,0,0,1,0,0
46808807,9618481,17070,6,8.21,1.2,-0.52,1.19,0.35,-6.59,7.32,0,0,0,-0.21,18.57,90,90,0,0,0,0,1,0,0
46826250,9635924,17443,6,8.21,1.2,-0.52,1.19,0.34,-6.58,7.3,0,0,0,-0.2,18.59,90,90,0,0,0,0,1,0,0
46844946,9654620,18696,6,8.21,1.2,-0.52,1.19,0.33,-6.6,7.31,0,0,0,-0.23,18.59,90,90,0,0,0,0,1,0,0
46862108,9671782,17162,6,8.22,1.2,-0.52,1.19,0.35,-6.59,7.32,0,0,0,-0.24,18.58,90,90,0,0,0,0,1,0,0
46879072,9688746,16964,6,8.22,1.2,-0.52,1.19,0.35,-6.58,7.3,0,0,0,-0.24,18.58,90,90,0,0,0,0,1,0,0
46895877,9705551,16805,6,8.21,1.2,-0.52,1.19,0.33,-6.59,7.31,0,0,0,-0.23,18.59,90,90,0,0,0,0,1,0,0
46913004,9722678,17127,6,8.21,1.2,-0.52,1.19,0.34,-6.58,7.32,0,0,0,-0.22,18.6,90,90,0,0,0,0,1,0,0
46932429,9742103,19425,6,8.2,1.2,-0.52,1.19,0.34,-6.61,7.3,0,0,0,-0.24,18.59,90,90,0,0,0,0,1,0,0
46949638,9759312,17209,6,8.21,1.2,-0.52,1.19,0.37,-6.58,7.3,0,0,0,-0.22,18.58,90,90,0,0,0,0,1,0,0
46967363,9777037,17725,6,8.21,1.2,-0.52,1.18,0.35,-6.58,7.32,-0.01,0,0,-0.23,18.59,90,90,0,0,0,0,1,0,0
46984469,9794143,17106,6,8.19,1.2,-0.52,1.18,0.36,-6.58,7.29,0,0,-0.01,-0.23,18.58,90,90,0,0,0,0,1,0,0
47001949,9811623,17480,6,8.21,1.2,-0.52,1.18,0.36,-6.6,7.3,0,0,0,-0.24,18.59,90,90,0,0,0,0,1,0,0
47019054,9828728,17105,6,8.21,1.2,-0.52,1.18,0.34,-6.58,7.32,0,0,0,-0.24,18.59,90,90,0,0,0,0,1,0,0
47036180,9845854,17126,6,8.21,1.2,-0.52,1.18,0.36,-6.59,7.3,0,0,0,-0.24,18.58,90,90,0,0,0,0,1,0,0
47053158,9862832,16978,6,8.21,1.2,-0.52,1.18,0.36,-6.58,7.3,0,0,0,-0.24,18.59,90,90,0,0,0,0,1,0,0
47071068,9880742,17910,6,8.21,1.2,-0.52,1.18,0.37,-6.6,7.3,0,0,0,-0.23,18.59,90,90,0,0,0,0,1,0,0
47088118,9897792,17050,6,8.2,1.2,-0.52,1.18,0.37,-6.59,7.3,0,0,0,-0.25,18.58,90,90,0,0,0,0,1,0,0
47105189,9914863,17071,6,8.2,1.2,-0.52,1.18,0.37,-6.56,7.33,0,0,0,-0.24,18.59,90,90,0,0,0,0,1,0,0
47122449,9932123,17260,6,8.22,1.2,-0.52,1.18,0.36,-6.6,7.32,0,0,0,-0.24,18.59,90,90,0,0,0,0,1,0,0
47140252,9949926,17803,6,8.21,1.2,-0.52,1.18,0.34,-6.59,7.31,0,0,0,-0.26,18.61,90,90,0,0,0,0,1,0,0
47157301,9966975,17049,6,8.21,1.2,-0.52,1.18,0.36,-6.6,7.34,0,0,0,-0.26,18.61,90,90,0,0,0,0,1,0,0
47174427,9984101,17126,6,8.2,1.2,-0.52,1.18,0.35,-6.61,7.32,0,0,0,-0.28,18.58,90,90,0,0,0,0,1,0,0
47191165,10000839,16738,6,8.2,1.2,-0.52,1.18,0.34,-6.58,7.29,0,0,0,-0.28,18.59,90,90,0,0,0,0,1,0,0
47209039,10018713,17874,6,8.19,1.2,-0.52,1.18,0.35,-6.62,7.32,0,0,0,-0.26,18.58,90,90,0,0,0,0,1,0,0
47226410,10036084,17371,6,8.2,1.2,-0.52,1.18,0.33,-6.59,7.29,0,0,0,-0.27,18.59,90,90,0,0,0,0,1,0,0
47245107,10054781,18697,6,8.21,1.2,-0.52,1.18,0.35,-6.59,7.31,0,0,0,-0.26,18.61,90,90,0,0,0,0,1,0,0
47262494,10072168,17387,6,8.19,1.2,-0.52,1.18,0.33,-6.59,7.32,0,0,0,-0.25,18.59,90,90,0,0,0,0,1,0,0
47279190,10088864,16696,6,8.19,1.2,-0.52,1.18,0.37,-6.61,7.29,0,0,0,-0.25,18.59,90,90,0,0,0,0,1,0,0
47297998,10107672,18808,6,8.2,1.2,-0.52,1.18,0.35,-6.6,7.33,-0.01,0,0,-0.23,18.59,90,90,0,0,0,0,1,0,0
47315372,10125046,17374,6,8.21,1.2,-0.52,1.18,0.36,-6.6,7.31,0,0,0,-0.25,18.6,90,90,0,0,0,0,1,0,0
47332926,10142600,17554,6,8.21,1.2,-0.52,1.18,0.37,-6.59,7.32,0,0,0,-0.24,18.59,90,90,0,0,0,0,1,0,0
47350143,10159817,17217,6,8.2,1.2,-0.52,1.18,0.37,-6.63,7.31,0,0,0,-0.23,18.61,90,90,0,0,0,0,1,0,0
47367158,10176832,17015,6,8.22,1.2,-0.52,1.18,0.35,-6.61,7.29,0,0,0,-0.22,18.58,90,90,0,0,0,0,1,0,0
47386976,10196650,19818,6,8.22,1.2,-0.52,1.18,0.35,-6.59,7.3,0,0,0,-0.2,18.58,90,90,0,0,0,0,1,0,0
47404020,10213694,17044,6,8.2,1.2,-0.52,1.18,0.36,-6.6,7.3,0,0,0,-0.22,18.6,90,90,0,0,0,0,1,0,0
47421444,10231118,17424,6,8.21,1.2,-0.52,1.18,0.37,-6.58,7.31,0,0,0,-0.22,18.6,90,90,0,0,0,0,1,0,0
47438550,10248224,17106,6,8.21,1.2,-0.52,1.18,0.35,-6.59,7.29,0,0,0,-0.22,18.6,90,90,0,0,0,0,1,0,0
47455733,10265407,17183,6,8.21,1.2,-0.52,1.18,0.34,-6.61,7.32,0,0,0,-0.21,18.6,90,90,0,0,0,0,1,0,0
47472676,10282350,16943,6,8.22,1.2,-0.52,1.18,0.36,-6.59,7.32,0,0,0,-0.23,18.62,90,90,0,0,0,0,1,0,0
47491759,10301433,19083,6,8.2,1.2,-0.52,1.18,0.37,-6.58,7.29,0,0,0,-0.23,18.61,90,90,0,0,0,0,1,0,0
47510343,10320017,18584,6,8.21,1.2,-0.52,1.18,0.35,-6.6,7.29,0,0,0,-0.22,18.6,90,90,0,0,0,0,1,0,0
47527449,10337123,17106,6,8.21,1.2,-0.52,1.18,0.36,-6.58,7.32,0,0,0,-0.2,18.59,90,90,0,0,0,0,1,0,0
47545114,10354788,17665,6,8.21,1.2,-0.52,1.18,0.34,-6.59,7.29,0,0,0,-0.19,18.59,90,90,0,0,0,0,1,0,0
47562123,10371797,17009,6,8.22,1.2,-0.52,1.18,0.36,-6.59,7.29,0,0,0,-0.2,18.61,90,90,0,0,0,0,1,0,0
47579870,10389544,17747,6,8.22,1.2,-0.52,1.18,0.36,-6.59,7.28,-0.01,0,0,-0.2,18.61,90,90,0,0,0,0,1,0,0
47596920,10406594,17050,6,8.2,1.2,-0.52,1.18,0.33,-6.6,7.31,0,0,0,-0.2,18.61,90,90,0,0,0,0,1,0,0
47614303,10423977,17383,6,8.21,1.2,-0.52,1.18,0.34,-6.62,7.31,0,0,0,-0.2,18.61,90,90,0,0,0,0,1,0,0
47631410,10441084,17107,6,8.22,1.2,-0.52,1.18,0.37,-6.58,7.32,0,0,0,-0.2,18.61,90,90,0,0,0,0,1,0,0
47648444,10458118,17034,6,8.2,1.2,-0.51,1.18,0.33,-6.59,7.3,0,0,0,-0.21,18.62,90,90,0,0,0,0,1,0,0
47665143,10474817,16699,6,8.21,1.2,-0.51,1.18,0.36,-6.6,7.31,0,0,0,-0.17,18.61,90,90,0,0,0,0,1,0,0
47684231,10493905,19088,6,8.21,1.2,-0.51,1.18,0.34,-6.6,7.31,0,0,0,-0.15,18.59,90,90,0,0,0,0,1,0,0
47702065,10511739,17834,6,8.22,1.2,-0.51,1.18,0.34,-6.6,7.28,0,0,0,-0.14,18.6,90,90,0,0,0,0,1,0,0
47718761,10528435,16696,6,8.22,1.2,-0.51,1.18,0.36,-6.6,7.32,0,0,0,-0.14,18.6,90,90,0,0,0,0,1,0,0
47737569,10547243,18808,6,8.2,1.2,-0.51,1.18,0.34,-6.6,7.31,0,0,0,-0.15,18.61,90,90,0,0,0,0,1,0,0
47754943,10564617,17374,6,8.21,1.2,-0.51,1.18,0.36,-6.59,7.3,0,0,0,-0.13,18.59,90,90,0,0,0,0,1,0,0
47772496,10582170,17553,6,8.2,1.2,-0.51,1.18,0.36,-6.62,7.3,0,0,0,-0.13,18.62,90,90,0,0,0,0,1,0,0
47789602,10599276,17106,6,8.21,1.2,-0.51,1.18,0.36,-6.6,7.33,0,0,0,-0.15,18.61,90,90,0,0,0,0,1,0,0
47806672,10616346,17070,6,8.21,1.2,-0.51,1.18,0.34,-6.6,7.29,0,0,0,-0.14,18.61,90,90,0,0,0,0,1,0,0
47824115,10633789,17443,6,8.23,1.2,-0.51,1.18,0.36,-6.6,7.31,0,0,0,-0.14,18.59,90,90,0,0,0,0,1,0,0
47841591,10651265,17476,6,8.2,1.2,-0.51,1.18,0.33,-6.57,7.31,0,0,0,-0.13,18.59,90,90,0,0,0,0,1,0,0
47858641,10668315,17050,6,8.2,1.2,-0.51,1.18,0.37,-6.59,7.3,0,0,0,-0.13,18.59,90,90,0,0,0,0,1,0,0
47875711,10685385,17070,6,8.22,1.2,-0.51,1.18,0.34,-6.6,7.29,-0.01,0,0,-0.12,18.6,90,90,0,0,0,0,1,0,0
47892928,10702602,17217,6,8.21,1.2,-0.51,1.18,0.36,-6.6,7.32,0,0,0,-0.14,18.61,90,90,0,0,0,0,1,0,0
47910789,10720463,17861,6,8.22,1.2,-0.51,1.18,0.36,-6.62,7.29,0,0,0,-0.15,18.6,90,90,0,0,0,0,1,0,0
47928171,10737845,17382,6,8.21,1.2,-0.51,1.18,0.37,-6.61,7.31,0,0,0,-0.15,18.6,90,90,0,0,0,0,1,0,0
47946138,10755812,17967,6,8.2,1.2,-0.51,1.18,0.36,-6.57,7.32,0,0,0,-0.15,18.6,90,90,0,0,0,0,1,0,0
47963243,10772917,17105,6,8.21,1.2,-0.51,1.18,0.36,-6.62,7.3,0,0,0,-0.15,18.61,90,90,0,0,0,0,1,0,0
47980675,10790349,17432,6,8.21,1.2,-0.51,1.18,0.34,-6.59,7.32,0,0,0,-0.13,18.61,90,90,0,0,0,0,1,0,0
47999668,10809342,18993,6,8.21,1.2,-0.51,1.18,0.35,-6.6,7.3,0,0,0,-0.13,18.61,90,90,0,0,0,0,1,0,0
48017040,10826714,17372,6,8.21,1.2,-0.51,1.18,0.36,-6.61,7.3,0,0,0,-0.13,18.61,90,90,0,0,0,0,1,0,0
48034111,10843785,17071,6,8.2,1.2,-0.51,1.18,0.33,-6.59,7.3,0,0,0,-0.15,18.61,90,90,0,0,0,0,1,0,0
48050925,10860599,16814,6,8.22,1.2,-0.51,1.18,0.37,-6.6,7.31,0,0,0,-0.15,18.61,90,90,0,0,0,0,1,0,0
48068781,10878455,17856,6,8.21,1.2,-0.51,1.18,0.37,-6.58,7.3,-0.01,0,0,-0.12,18.6,90,90,0,0,0,0,1,0,0
48085760,10895434,16979,6,8.22,1.2,-0.51,1.18,0.34,-6.62,7.31,0,0,0,-0.11,18.59,90,90,0,0,0,0,1,0,0
48104779,10914453,19019,6,8.22,1.2,-0.51,1.18,0.34,-6.6,7.29,0,0,0,-0.13,18.61,90,90,0,0,0,0,1,0,0
48122102,10931776,17323,6,8.2,1.2,-0.51,1.18,0.34,-6.58,7.3,0,0,0,-0.14,18.6,90,90,0,0,0,0,1,0,0
48139583,10949257,17481,6,8.2,1.2,-0.51,1.18,0.36,-6.6,7.3,0,0,0,-0.14,18.6,90,90,0,0,0,0,1,0,0
48157551,10967225,17968,6,8.21,1.2,-0.51,1.18,0.36,-6.6,7.3,0,0,0,-0.14,18.61,90,90,0,0,0,0,1,0,0
48174432,10984106,16881,6,8.21,1.2,-0.51,1.18,0.36,-6.59,7.32,0,0,-0.01,-0.12,18.6,90,90,0,0,0,0,1,0,0
48192078,11001752,17646,6,8.22,1.2,-0.51,1.18,0.36,-6.59,7.29,0,0,-0.01,-0.12,18.61,90,90,0,0,0,0,1,0,0
48209184,11018858,17106,6,8.2,1.2,-0.51,1.18,0.33,-6.6,7.3,0,0,0,-0.14,18.59,90,90,0,0,0,0,1,0,0
48227039,11036713,17855,6,8.21,1.2,-0.51,1.18,0.36,-6.59,7.29,0,0,0,-0.15,18.61,90,90,0,0,0,0,1,0,0
48244144,11053818,17105,6,8.22,1.2,-0.51,1.18,0.37,-6.6,7.28,0,0,0,-0.13,18.59,90,90,0,0,0,0,1,0,0
48261670,11071344,17526,6,8.2,1.2,-0.51,1.18,0.35,-6.59,7.32,0,0,0,-0.12,18.61,90,90,0,0,0,0,1,0,0
48279050,11088724,17380,6,8.2,1.2,-0.51,1.18,0.34,-6.6,7.31,0,0,0,-0.12,18.61,90,90,0,0,0,0,1,0,0
48296065,11105739,17015,6,8.21,1.2,-0.51,1.18,0.36,-6.59,7.29,0,0,0,-0.13,18.61,90,90,0,0,0,0,1,0,0
48313171,11122845,17106,6,8.22,1.2,-0.51,1.18,0.33,-6.58,7.32,0,0,0,-0.15,18.61,90,90,0,0,0,0,1,0,0
48330913,11140587,17742,6,8.2,1.2,-0.51,1.18,0.37,-6.62,7.31,0,0,0,-0.15,18.61,90,90,0,0,0,0,1,0,0
48347586,11157260,16673,6,8.22,1.2,-0.51,1.18,0.35,-6.59,7.29,0,0,0,-0.15,18.6,90,90,0,0,0,0,1,0,0
48365940,11175614,18354,6,8.21,1.2,-0.51,1.18,0.35,-6.58,7.31,0,0,0,-0.13,18.61,90,90,0,0,0,0,1,0,0
48383046,11192720,17106,6,8.22,1.2,-0.51,1.18,0.37,-6.6,7.27,0,0,0,-0.14,18.6,90,90,0,0,0,0,1,0,0
48399740,11209414,16694,6,8.22,1.2,-0.51,1.18,0.36,-6.62,7.3,0,0,0,-0.14,18.6,90,90,0,0,0,0,1,0,0
48416845,11226519,17105,6,8.21,1.2,-0.51,1.18,0.37,-6.59,7.31,0,0,0,-0.14,18.61,90,90,0,0,0,0,1,0,0
48434210,11243884,17365,6,8.21,1.2,-0.51,1.18,0.36,-6.6,7.3,0,0,0,-0.14,18.61,90,90,0,0,0,0,1,0,0
48451638,11261312,17428,6,8.21,1.2,-0.51,1.18,0.36,-6.57,7.3,0,0,0,-0.14,18.61,90,90,0,0,0,0,1,0,0
48468654,11278328,17016,6,8.21,1.2,-0.51,1.18,0.35,-6.63,7.3,0,0,0,-0.14,18.61,90,90,0,0,0,0,1,0,0
48485417,11295091,16763,6,8.22,1.2,-0.51,1.18,0.35,-6.6,7.3,0,0,0,-0.1,18.61,90,90,0,0,0,0,1,0,0
48502467,11312141,17050,6,8.19,1.2,-0.51,1.18,0.36,-6.6,7.28,0,0,0,-0.11,18.6,90,90,0,0,0,0,1,0,0
48519911,11329585,17444,6,8.19,1.2,-0.51,1.18,0.37,-6.6,7.28,0,0,0,-0.11,18.6,90,90,0,0,0,0,1,0,0
48538201,11347875,18290,6,8.21,1.2,-0.51,1.18,0.34,-6.63,7.3,0,0,0,-0.11,18.6,90,90,0,0,0,0,1,0,0
48558075,11367749,19874,6,8.2,1.2,-0.51,1.18,0.36,-6.61,7.29,0,0,0,-0.08,18.61,90,90,0,0,0,0,1,0,0
48575124,11384798,17049,6,8.21,1.2,-0.51,1.18,0.36,-6.61,7.3,0,0,0,-0.07,18.6,90,90,0,0,0,0,1,0,0
48593148,11402822,18024,6,8.21,1.2,-0.51,1.18,0.36,-6.61,7.29,0,0,0,-0.08,18.59,90,90,0,0,0,0,1,0,0
48611956,11421630,18808,6,8.22,1.2,-0.51,1.18,0.34,-6.6,7.3,0,0,0,-0.08,18.61,90,90,0,0,0,0,1,0,0
48629093,11438767,17137,6,8.2,1.2,-0.51,1.18,0.36,-6.62,7.31,-0.01,0,0,-0.06,18.6,90,90,0,0,0,0,1,0,0
48646948,11456622,17855,6,8.2,1.2,-0.51,1.18,0.36,-6.61,7.3,-0.01,0,0,-0.06,18.61,90,90,0,0,0,0,1,0,0
48664054,11473728,17106,6,8.21,1.2,-0.51,1.18,0.33,-6.61,7.28,0,0,0,-0.06,18.6,90,90,0,0,0,0,1,0,0
48681479,11491153,17425,6,8.21,1.2,-0.51,1.18,0.34,-6.62,7.29,0,0,0,-0.07,18.61,90,90,0,0,0,0,1,0,0
48698514,11508188,17035,6,8.21,1.2,-0.51,1.18,0.37,-6.59,7.3,0,0,0,-0.07,18.61,90,90,0,0,0,0,1,0,0
48715915,11525589,17401,6,8.21,1.2,-0.51,1.18,0.36,-6.63,7.29,-0.01,0,0,-0.09,18.61,90,90,0,0,0,0,1,0,0
48735396,11545070,19481,6,8.2,1.2,-0.51,1.18,0.35,-6.61,7.29,-0.01,0,0,-0.09,18.6,90,90,0,0,0,0,1,0,0
48752446,11562120,17050,6,8.2,1.2,-0.51,1.18,0.36,-6.6,7.29,0,0,0,-0.1,18.59,90,90,0,0,0,0,1,0,0
48769831,11579505,17385,6,8.2,1.2,-0.51,1.18,0.37,-6.62,7.27,0,0,0,-0.1,18.61,90,90,0,0,0,0,1,0,0
48786571,11596245,16740,6,8.2,1.2,-0.51,1.18,0.37,-6.6,7.29,0,0,0,-0.1,18.61,90,90,0,0,0,0,1,0,0
48804803,11614477,18232,6,8.2,1.2,-0.51,1.18,0.37,-6.62,7.29,0,0,0,-0.1,18.6,90,90,0,0,0,0,1,0,0
48822750,11632424,17947,6,8.19,1.2,-0.51,1.18,0.37,-6.61,7.28,0,0,0,-0.09,18.61,90,90,0,0,0,0,1,0,0
48839859,11649533,17109,6,8.19,1.2,-0.51,1.18,0.33,-6.6,7.27,-0.01,0,0,-0.09,18.61,90,90,0,0,0,0,1,0,0
48856965,11666639,17106,6,8.2,1.2,-0.51,1.18,0.36,-6.57,7.3,0,0,0,-0.05,18.61,90,90,0,0,0,0,1,0,0
48874159,11683833,17194,6,8.21,1.2,-0.51,1.18,0.35,-6.6,7.3,0,0,0,-0.03,18.58,90,90,0,0,0,0,1,0,0
48891532,11701206,17373,6,8.21,1.2,-0.51,1.18,0.34,-6.6,7.3,0,0,0,-0.06,18.61,90,90,0,0,0,0,1,0,0
48908939,11718613,17407,6,8.21,1.2,-0.51,1.18,0.34,-6.59,7.3,0,0,0,-0.07,18.61,90,90,0,0,0,0,1,0,0
48926045,11735719,17106,6,8.2,1.2,-0.51,1.18,0.36,-6.62,7.3,0,0,0,-0.07,18.59,90,90,0,0,0,0,1,0,0
48944686,11754360,18641,6,8.21,1.2,-0.51,1.18,0.35,-6.59,7.29,0,0,0,-0.06,18.6,90,90,0,0,0,0,1,0,0
48964135,11773809,19449,6,8.21,1.2,-0.51,1.18,0.36,-6.6,7.31,0,0,0,-0.07,18.59,90,90,0,0,0,0,1,0,0
48982370,11792044,18235,6,8.21,1.2,-0.51,1.18,0.35,-6.63,7.29,0,0,0,-0.09,18.61,90,90,0,0,0,0,1,0,0
48999476,11809150,17106,6,8.21,1.2,-0.51,1.18,0.34,-6.61,7.3,0,0,0,-0.09,18.61,90,90,0,0,0,0,1,0,0
49016659,11826333,17183,6,8.2,1.2,-0.51,1.18,0.35,-6.6,7.29,0,0,0,-0.09,18.61,90,90,0,0,0,0,1,0,0
49033708,11843382,17049,6,8.2,1.2,-0.51,1.18,0.35,-6.59,7.32,0,0,0,-0.09,18.62,90,90,0,0,0,0,1,0,0
49051595,11861269,17887,6,8.2,1.2,-0.51,1.18,0.35,-6.63,7.27,0,0,0,-0.11,18.6,90,90,0,0,0,0,1,0,0
49068975,11878649,17380,6,8.2,1.2,-0.51,1.18,0.34,-6.62,7.3,0,0,0,-0.12,18.59,90,90,0,0,0,0,1,0,0
49086046,11895720,17071,6,8.21,1.2,-0.51,1.18,0.37,-6.61,7.29,0,0,-0.01,-0.12,18.59,90,90,0,0,0,0,1,0,0
49103097,11912771,17051,6,8.2,1.2,-0.51,1.18,0.35,-6.61,7.29,0,0,0,-0.13,18.59,90,90,0,0,0,0,1,0,0
49121020,11930694,17923,6,8.21,1.2,-0.51,1.18,0.34,-6.61,7.28,0,0,0,-0.14,18.61,90,90,0,0,0,0,1,0,0
49138418,11948092,17398,6,8.21,1.2,-0.51,1.18,0.37,-6.6,7.28,-0.01,0,0,-0.14,18.61,90,90,0,0,0,0,1,0,0
49155820,11965494,17402,6,8.21,1.2,-0.51,1.18,0.37,-6.58,7.3,0,0,0,-0.12,18.6,90,90,0,0,0,0,1,0,0
49172813,11982487,16993,6,8.19,1.2,-0.51,1.18,0.35,-6.61,7.29,0,0,0,-0.12,18.59,90,90,0,0,0,0,1,0,0
49189940,11999614,17127,6,8.21,1.2,-0.51,1.18,0.34,-6.59,7.3,0,0,-0.01,-0.12,18.59,90,90,0,0,0,0,1,0,0
49206819,12016493,16879,6,8.21,1.2,-0.51,1.18,0.35,-6.59,7.29,0,0,0,-0.09,18.59,90,90,0,0,0,0,1,0,0
49225123,12034797,18304,6,8.2,1.2,-0.51,1.18,0.35,-6.59,7.29,0,0,0,-0.09,18.6,90,90,0,0,0,0,1,0,0
49242494,12052168,17371,6,8.22,1.2,-0.51,1.18,0.36,-6.6,7.28,0,0,0,-0.08,18.6,90,90,0,0,0,0,1,0,0
49259976,12069650,17482,6,8.22,1.2,-0.51,1.18,0.36,-6.6,7.29,0,0,0,-0.08,18.6,90,90,0,0,0,0,1,0,0
49279826,12089500,19850,6,8.21,1.2,-0.51,1.18,0.38,-6.61,7.27,0,0,0,-0.06,18.58,90,90,0,0,0,0,1,0,0
49298466,12108140,18640,6,8.22,1.2,-0.51,1.18,0.33,-6.62,7.28,-0.01,0,0,-0.03,18.59,90,90,0,0,0,0,1,0,0
49315487,12125161,17021,6,8.2,1.2,-0.51,1.18,0.35,-6.6,7.26,0,0,0,-0.05,18.6,90,90,0,0,0,0,1,0,0
49332992,12142666,17505,6,8.21,1.2,-0.51,1.18,0.37,-6.61,7.32,0,0,0,-0.05,18.59,90,90,0,0,0,0,1,0,0
49350332,12160006,17340,6,8.2,1.2,-0.51,1.18,0.34,-6.61,7.28,0,0,0,-0.08,18.59,90,90,0,0,0,0,1,0,0
49367459,12177133,17127,6,8.2,1.2,-0.51,1.18,0.37,-6.63,7.29,0,0,0,-0.08,18.6,90,90,0,0,0,0,1,0,0
49384509,12194183,17050,6,8.22,1.2,-0.51,1.18,0.36,-6.6,7.29,0,0,0,-0.07,18.58,90,90,0,0,0,0,1,0,0
49401956,12211630,17447,6,8.19,1.2,-0.51,1.18,0.35,-6.6,7.29,0,0,0,-0.07,18.59,90,90,0,0,0,0,1,0,0
49418975,12228649,17019,6,8.19,1.2,-0.51,1.18,0.36,-6.63,7.28,0,0,0,-0.07,18.59,90,90,0,0,0,0,1,0,0
49436886,12246560,17911,6,8.21,1.2,-0.51,1.18,0.33,-6.6,7.28,0,0,0,-0.07,18.59,90,90,0,0,0,0,1,0,0
49453992,12263666,17106,6,8.21,1.2,-0.51,1.18,0.36,-6.62,7.28,0,0,0,-0.09,18.61,90,90,0,0,0,0,1,0,0
49471119,12280793,17127,6,8.2,1.2,-0.51,1.18,0.36,-6.64,7.3,0,0,0,-0.09,18.59,90,90,0,0,0,0,1,0,0
49488254,12297928,17135,6,8.21,1.2,-0.51,1.18,0.36,-6.6,7.29,0,0,0,-0.11,18.59,90,90,0,0,0,0,1,0,0
49507336,12317010,19082,6,8.21,1.2,-0.51,1.18,0.35,-6.62,7.29,0,0,0,-0.12,18.61,90,90,0,0,0,0,1,0,0
49525977,12335651,18641,6,8.2,1.2,-0.51,1.18,0.36,-6.62,7.28,0,0,0,-0.12,18.59,90,90,0,0,0,0,1,0,0
49543083,12352757,17106,6,8.21,1.2,-0.51,1.18,0.35,-6.6,7.29,0,0,0,-0.13,18.58,90,90,0,0,0,0,1,0,0
49560332,12370006,17249,6,8.2,1.2,-0.51,1.18,0.34,-6.62,7.28,0,0,0,-0.14,18.59,90,90,0,0,0,0,1,0,0
49577726,12387400,17394,6,8.2,1.2,-0.51,1.18,0.36,-6.62,7.29,0,0,0,-0.14,18.59,90,90,0,0,0,0,1,0,0
49595128,12404802,17402,6,8.2,1.2,-0.51,1.18,0.34,-6.63,7.3,0,0,0,-0.14,18.59,90,90,0,0,0,0,1,0,0
49614553,12424227,19425,6,8.21,1.2,-0.51,1.18,0.35,-6.63,7.28,0,0,0,-0.11,18.58,90,90,0,0,0,0,1,0,0
49631318,12440992,16765,6,8.2,1.2,-0.51,1.18,0.35,-6.6,7.29,0,0,0,-0.12,18.58,90,90,0,0,0,0,1,0,0
49649174,12458848,17856,6,8.22,1.2,-0.51,1.18,0.36,-6.61,7.29,0,0,0,-0.11,18.59,90,90,0,0,0,0,1,0,0
49665881,12475555,16707,6,8.21,1.2,-0.51,1.18,0.33,-6.6,7.27,0,0,0,-0.15,18.59,90,90,0,0,0,0,1,0,0
49684843,12494517,18962,6,8.2,1.2,-0.51,1.18,0.36,-6.62,7.3,0,0,0,-0.15,18.59,90,90,0,0,0,0,1,0,0
49702438,12512112,17595,6,8.21,1.2,-0.51,1.18,0.36,-6.62,7.26,0,0,0,-0.12,18.58,90,90,0,0,0,0,1,0,0
49719134,12528808,16696,6,8.21,1.2,-0.51,1.18,0.36,-6.63,7.27,0,0,0,-0.12,18.58,90,90,0,0,0,0,1,0,0
49736184,12545858,17050,6,8.21,1.2,-0.51,1.18,0.36,-6.62,7.27,-0.01,0,0,-0.13,18.59,90,90,0,0,0,0,1,0,0
49753484,12563158,17300,6,8.2,1.2,-0.51,1.18,0.33,-6.63,7.27,0,0,0,-0.13,18.59,90,90,0,0,0,0,1,0,0
49770442,12580116,16958,6,8.2,1.2,-0.51,1.18,0.36,-6.62,7.27,0,0,0,-0.12,18.59,90,90,0,0,0,0,1,0,0
49787513,12597187,17071,6,8.23,1.2,-0.51,1.18,0.34,-6.62,7.29,0,0,0,-0.12,18.59,90,90,0,0,0,0,1,0,0
49804619,12614293,17106,6,8.2,1.2,-0.51,1.18,0.34,-6.63,7.28,0,0,0,-0.15,18.59,90,90,0,0,0,0,1,0,0
49822044,12631718,17425,6,8.22,1.2,-0.51,1.18,0.35,-6.63,7.27,0,0,0,-0.15,18.59,90,90,0,0,0,0,1,0,0
49839170,12648844,17126,6,8.22,1.2,-0.51,1.18,0.37,-6.62,7.29,0,0,0,-0.15,18.59,90,90,0,0,0,0,1,0,0
49856565,12666239,17395,6,8.22,1.2,-0.51,1.18,0.37,-6.63,7.28,0,0,0,-0.14,18.6,90,90,0,0,0,0,1,0,0
49873615,12683289,17050,6,8.19,1.2,-0.51,1.18,0.37,-6.62,7.3,0,0,0,-0.14,18.59,90,90,0,0,0,0,1,0,0
49891527,12701201,17912,6,8.21,1.2,-0.51,1.18,0.34,-6.62,7.3,0,0,0,-0.14,18.57,90,90,0,0,0,0,1,0,0
49908577,12718251,17050,6,8.2,1.2,-0.51,1.18,0.33,-6.63,7.29,0,0,0,-0.14,18.59,90,90,0,0,0,0,1,0,0
49926349,12736023,17772,6,8.2,1.2,-0.51,1.18,0.36,-6.63,7.27,0,0,0,-0.14,18.59,90,90,0,0,0,0,1,0,0
49943784,12753458,17435,6,8.2,1.2,-0.51,1.18,0.37,-6.62,7.27,0,0,0,-0.11,18.59,90,90,0,0,0,0,1,0,0
49962425,12772099,18641,6,8.2,1.2,-0.51,1.18,0.37,-6.62,7.28,0,0,0,-0.12,18.58,90,90,0,0,0,0,1,0,0
49979906,12789580,17481,6,8.2,1.2,-0.51,1.18,0.34,-6.61,7.3,0,0,0,-0.12,18.58,90,90,0,0,0,0,1,0,0
49997507,12807181,17601,6,8.21,1.2,-0.51,1.18,0.35,-6.64,7.28,0,0,0,-0.08,18.59,90,90,0,0,0,0,1,0,0
50014924,12824598,17417,6,8.21,1.2,-0.51,1.18,0.34,-6.62,7.29,0,0,0,-0.05,18.58,90,90,0,0,0,0,1,0,0
50032416,12842090,17492,6,8.2,1.2,-0.51,1.18,0.33,-6.65,7.27,0,0,0,-0.03,18.58,90,90,0,0,0,0,1,0,0
50049431,12859105,17015,6,8.19,1.2,-0.51,1.18,0.37,-6.62,7.27,0,0,0,-0.07,18.59,90,90,0,0,0,0,1,0,0
50066198,12875872,16767,6,8.2,1.2,-0.51,1.18,0.32,-6.61,7.28,0,0,0,-0.06,18.59,90,90,0,0,0,0,1,0,0
50084894,12894568,18696,6,8.2,1.2,-0.51,1.18,0.37,-6.62,7.3,0,0,0,-0.06,18.59,90,90,0,0,0,0,1,0,0
50102575,12912249,17681,6,8.21,1.2,-0.51,1.18,0.36,-6.63,7.27,0,0,0,-0.05,18.59,90,90,0,0,0,0,1,0,0
50119592,12929266,17017,6,8.21,1.2,-0.51,1.18,0.35,-6.64,7.28,0,0,0,-0.05,18.59,90,90,0,0,0,0,1,0,0
50138889,12948563,19297,6,8.21,1.2,-0.51,1.18,0.36,-6.63,7.3,0,0,0,-0.09,18.59,90,90,0,0,0,0,1,0,0
50155882,12965556,16993,6,8.2,1.2,-0.51,1.18,0.34,-6.62,7.27,0,0,0,-0.09,18.59,90,90,0,0,0,0,1,0,0
50173906,12983580,18024,6,8.21,1.2,-0.51,1.18,0.34,-6.63,7.26,0,0,0,-0.09,18.59,90,90,0,0,0,0,1,0,0
50192844,13002518,18938,6,8.21,1.2,-0.51,1.18,0.34,-6.61,7.27,0,0,0,-0.09,18.59,90,90,0,0,0,0,1,0,0
50209914,13019588,17070,6,8.22,1.2,-0.51,1.18,0.34,-6.63,7.28,0,0,0,-0.09,18.59,90,90,0,0,0,0,1,0,0
50226985,13036659,17071,6,8.22,1.2,-0.51,1.18,0.34,-6.63,7.26,0,0,0,-0.1,18.59,90,90,0,0,0,0,1,0,0
50244090,13053764,17105,6,8.2,1.2,-0.51,1.18,0.36,-6.63,7.3,0,0,0,-0.11,18.58,90,90,0,0,0,0,1,0,0
50261516,13071190,17426,6,8.22,1.2,-0.51,1.18,0.36,-6.61,7.27,0,0,0,-0.11,18.59,90,90,0,0,0,0,1,0,0
50278614,13088288,17098,6,8.22,1.2,-0.51,1.18,0.34,-6.63,7.28,0,0,0,-0.11,18.59,90,90,0,0,0,0,1,0,0
50296278,13105952,17664,6,8.21,1.2,-0.51,1.18,0.34,-6.62,7.27,0,0,0,-0.09,18.58,90,90,0,0,0,0,1,0,0
50313327,13123001,17049,6,8.21,1.2,-0.51,1.18,0.33,-6.62,7.27,0,0,0,-0.07,18.59,90,90,0,0,0,0,1,0,0
50331295,13140969,17968,6,8.2,1.2,-0.51,1.18,0.38,-6.61,7.25,0,0,0,-0.11,18.59,90,90,0,0,0,0,1,0,0
50348287,13157961,16992,6,8.21,1.2,-0.51,1.18,0.34,-6.62,7.25,0,0,0,-0.12,18.59,90,90,0,0,0,0,1,0,0
50366410,13176084,18123,6,8.22,1.2,-0.51,1.18,0.36,-6.64,7.27,0,0,0,-0.1,18.57,90,90,0,0,0,0,1,0,0
50386277,13195951,19867,6,8.21,1.2,-0.51,1.18,0.33,-6.61,7.26,0,0,0,-0.08,18.57,90,90,0,0,0,0,1,0,0
50403327,13213001,17050,6,8.21,1.2,-0.51,1.18,0.36,-6.64,7.28,0,0,0,-0.07,18.59,90,90,0,0,0,0,1,0,0
50420335,13230009,17008,6,8.2,1.2,-0.51,1.18,0.34,-6.6,7.28,0,0,0,-0.07,18.58,90,90,0,0,0,0,1,0,0
50437386,13247060,17051,6,8.2,1.2,-0.51,1.18,0.35,-6.61,7.28,0,0,0,-0.07,18.58,90,90,0,0,0,0,1,0,0
50454454,13264128,17068,6,8.21,1.2,-0.51,1.18,0.38,-6.62,7.27,0,0,0,-0.08,18.57,90,90,0,0,0,0,1,0,0
50472002,13281676,17548,6,8.21,1.2,-0.51,1.18,0.32,-6.62,7.28,0,0,0,-0.09,18.59,90,90,0,0,0,0,1,0,0
50488768,13298442,16766,6,8.22,1.2,-0.51,1.18,0.35,-6.64,7.29,0,0,0,-0.11,18.58,90,90,0,0,0,0,1,0,0
50505819,13315493,17051,6,8.22,1.2,-0.51,1.18,0.34,-6.61,7.27,-0.01,0,0,-0.13,18.58,90,90,0,0,0,0,1,0,0
50524515,13334189,18696,6,8.2,1.2,-0.51,1.18,0.34,-6.62,7.28,0,0,0,-0.14,18.58,90,90,0,0,0,0,1,0,0
50544709,13354383,20194,6,8.22,1.2,-0.51,1.18,0.38,-6.63,7.29,0,0,0,-0.14,18.58,90,90,0,0,0,0,1,0,0
50562137,13371811,17428,6,8.21,1.2,-0.51,1.18,0.35,-6.63,7.27,0,0,0,-0.14,18.59,90,90,0,0,0,0,1,0,0
50579380,13389054,17243,6,8.21,1.2,-0.51,1.18,0.37,-6.62,7.29,0,0,0,-0.14,18.59,90,90,0,0,0,0,1,0,0
50598021,13407695,18641,6,8.21,1.2,-0.51,1.18,0.33,-6.61,7.25,-0.01,0,0,-0.13,18.58,90,90,0,0,0,0,1,0,0
50615183,13424857,17162,6,8.22,1.2,-0.51,1.18,0.39,-6.63,7.26,0,0,0,-0.13,18.58,90,90,0,0,0,0,1,0,0
50632432,13442106,17249,6,8.21,1.2,-0.51,1.18,0.34,-6.61,7.26,0,0,0,-0.13,18.58,90,90,0,0,0,0,1,0,0
50649424,13459098,16992,6,8.22,1.2,-0.51,1.18,0.36,-6.64,7.25,0,0,0,-0.13,18.59,90,90,0,0,0,0,1,0,0
50667224,13476898,17800,6,8.21,1.2,-0.51,1.18,0.36,-6.63,7.27,0,0,0,-0.16,18.59,90,90,0,0,0,0,1,0,0
50684273,13493947,17049,6,8.21,1.2,-0.51,1.18,0.34,-6.62,7.27,0,0,0,-0.16,18.59,90,90,0,0,0,0,1,0,0
50701699,13511373,17426,6,8.2,1.2,-0.51,1.18,0.33,-6.62,7.28,0,0,0,-0.18,18.59,90,90,0,0,0,0,1,0,0
